effective_month,symbol,history_days,liquidity_30d_median,liquidity_rank
2020-04-01 00:00:00+00:00,BTCUSDT,91,721321887.9815407,1.0
2020-04-01 00:00:00+00:00,ETHUSDT,91,160830673.6624673,2.0
2020-04-01 00:00:00+00:00,BNBUSDT,91,56886915.0785645,3.0
2020-04-01 00:00:00+00:00,LINKUSDT,91,51046535.401289,4.0
2020-04-01 00:00:00+00:00,BCHUSDT,91,50920525.04178085,5.0
2020-04-01 00:00:00+00:00,XRPUSDT,91,39304108.061864,6.0
2020-04-01 00:00:00+00:00,LTCUSDT,91,33560472.15506895,7.0
2020-04-01 00:00:00+00:00,XTZUSDT,91,23019280.36048,8.0
2020-04-01 00:00:00+00:00,ETCUSDT,91,21177370.717548497,9.0
2020-04-01 00:00:00+00:00,ADAUSDT,91,10093134.955062,10.0
2020-04-01 00:00:00+00:00,TRXUSDT,91,9944473.771527499,11.0
2020-04-01 00:00:00+00:00,DASHUSDT,91,7146684.278246,12.0
2020-04-01 00:00:00+00:00,NEOUSDT,91,5724314.464486999,13.0
2020-04-01 00:00:00+00:00,VETUSDT,91,5325777.2473175,14.0
2020-04-01 00:00:00+00:00,ZECUSDT,91,5035753.4057575,15.0
2020-04-01 00:00:00+00:00,ATOMUSDT,91,4273741.9109905,16.0
2020-04-01 00:00:00+00:00,XLMUSDT,91,4245203.561989,17.0
2020-04-01 00:00:00+00:00,ONTUSDT,91,4015603.603455,18.0
2020-04-01 00:00:00+00:00,HBARUSDT,91,3556948.7545505,19.0
2020-04-01 00:00:00+00:00,QTUMUSDT,91,3005468.0214305,20.0
2020-04-01 00:00:00+00:00,ALGOUSDT,91,2749277.044931,21.0
2020-04-01 00:00:00+00:00,IOSTUSDT,91,2522601.453242,22.0
2020-04-01 00:00:00+00:00,ICXUSDT,91,2162891.1494770003,23.0
2020-04-01 00:00:00+00:00,BATUSDT,91,1921047.7170705,24.0
2020-04-01 00:00:00+00:00,IOTAUSDT,91,1426815.7331995,25.0
2020-05-01 00:00:00+00:00,BTCUSDT,121,499551047.5860788,1.0
2020-05-01 00:00:00+00:00,ETHUSDT,121,160206388.4543302,2.0
2020-05-01 00:00:00+00:00,BNBUSDT,121,58085844.4832295,3.0
2020-05-01 00:00:00+00:00,LINKUSDT,121,50769212.418021,4.0
2020-05-01 00:00:00+00:00,BCHUSDT,121,43885883.975681245,5.0
2020-05-01 00:00:00+00:00,XRPUSDT,121,23687631.487379998,6.0
2020-05-01 00:00:00+00:00,XTZUSDT,121,22496881.833385997,7.0
2020-05-01 00:00:00+00:00,LTCUSDT,121,21535671.46696535,8.0
2020-05-01 00:00:00+00:00,DASHUSDT,121,10048674.142430902,9.0
2020-05-01 00:00:00+00:00,ETCUSDT,121,9956630.969316,10.0
2020-05-01 00:00:00+00:00,TRXUSDT,121,9207164.855842,11.0
2020-05-01 00:00:00+00:00,ADAUSDT,121,7830351.602930499,12.0
2020-05-01 00:00:00+00:00,XLMUSDT,121,6668641.063966,13.0
2020-05-01 00:00:00+00:00,ZECUSDT,121,5661818.7185786,14.0
2020-05-01 00:00:00+00:00,VETUSDT,121,4852122.425637,15.0
2020-05-01 00:00:00+00:00,NEOUSDT,121,3517805.1379385,16.0
2020-05-01 00:00:00+00:00,ONTUSDT,121,3404121.57889,17.0
2020-05-01 00:00:00+00:00,ATOMUSDT,121,2997161.2606195,18.0
2020-05-01 00:00:00+00:00,ALGOUSDT,121,2667320.7027915,19.0
2020-05-01 00:00:00+00:00,QTUMUSDT,121,2300315.5159994997,20.0
2020-05-01 00:00:00+00:00,BATUSDT,121,1939544.8415255,21.0
2020-05-01 00:00:00+00:00,ICXUSDT,121,1864701.691718,22.0
2020-05-01 00:00:00+00:00,KAVAUSDT,121,1764792.2618055,23.0
2020-05-01 00:00:00+00:00,IOSTUSDT,121,1622661.4769305,24.0
2020-05-01 00:00:00+00:00,BANDUSDT,121,1566448.265539,25.0
2020-06-01 00:00:00+00:00,BTCUSDT,152,729767310.7286639,1.0
2020-06-01 00:00:00+00:00,ETHUSDT,152,150989437.52313977,2.0
2020-06-01 00:00:00+00:00,BNBUSDT,152,44570323.4737345,3.0
2020-06-01 00:00:00+00:00,BCHUSDT,152,28505677.496383198,4.0
2020-06-01 00:00:00+00:00,XRPUSDT,152,24167443.676734,5.0
2020-06-01 00:00:00+00:00,LINKUSDT,152,22315841.778979003,6.0
2020-06-01 00:00:00+00:00,LTCUSDT,152,20964634.62778645,7.0
2020-06-01 00:00:00+00:00,ADAUSDT,152,15066738.6684275,8.0
2020-06-01 00:00:00+00:00,XTZUSDT,152,14181202.7499945,9.0
2020-06-01 00:00:00+00:00,ETCUSDT,152,13491231.0083325,10.0
2020-06-01 00:00:00+00:00,TRXUSDT,152,11299050.143135998,11.0
2020-06-01 00:00:00+00:00,XLMUSDT,152,9290578.925020501,12.0
2020-06-01 00:00:00+00:00,VETUSDT,152,7055484.555917,13.0
2020-06-01 00:00:00+00:00,ONTUSDT,152,4954590.750669,14.0
2020-06-01 00:00:00+00:00,NEOUSDT,152,4899522.582325,15.0
2020-06-01 00:00:00+00:00,ZECUSDT,152,4632424.98731435,16.0
2020-06-01 00:00:00+00:00,DASHUSDT,152,4586537.781329,17.0
2020-06-01 00:00:00+00:00,ZILUSDT,152,3766289.52387,18.0
2020-06-01 00:00:00+00:00,ZRXUSDT,152,3503696.1018244997,19.0
2020-06-01 00:00:00+00:00,BATUSDT,152,3138477.378358,20.0
2020-06-01 00:00:00+00:00,ALGOUSDT,152,2833647.8766334997,21.0
2020-06-01 00:00:00+00:00,ATOMUSDT,152,2819436.1629435,22.0
2020-06-01 00:00:00+00:00,QTUMUSDT,152,2709351.7088209996,23.0
2020-06-01 00:00:00+00:00,ENJUSDT,152,2502606.3792375,24.0
2020-06-01 00:00:00+00:00,IOSTUSDT,152,2484257.994809,25.0
2020-07-01 00:00:00+00:00,BTCUSDT,182,450209354.03223944,1.0
2020-07-01 00:00:00+00:00,ETHUSDT,182,113935711.6437653,2.0
2020-07-01 00:00:00+00:00,BNBUSDT,182,27127942.9091295,3.0
2020-07-01 00:00:00+00:00,ADAUSDT,182,23247450.340311497,4.0
2020-07-01 00:00:00+00:00,BCHUSDT,182,18769095.15636135,5.0
2020-07-01 00:00:00+00:00,XRPUSDT,182,17146823.2600025,6.0
2020-07-01 00:00:00+00:00,LINKUSDT,182,16056322.008214,7.0
2020-07-01 00:00:00+00:00,VETUSDT,182,15636732.6696355,8.0
2020-07-01 00:00:00+00:00,ZILUSDT,182,14579013.024624,9.0
2020-07-01 00:00:00+00:00,LTCUSDT,182,12441731.3387331,10.0
2020-07-01 00:00:00+00:00,XTZUSDT,182,8457427.3829535,11.0
2020-07-01 00:00:00+00:00,TRXUSDT,182,8321397.342110001,12.0
2020-07-01 00:00:00+00:00,IOSTUSDT,182,6958256.396470999,13.0
2020-07-01 00:00:00+00:00,ONTUSDT,182,6727627.461624,14.0
2020-07-01 00:00:00+00:00,XLMUSDT,182,6139638.571108,15.0
2020-07-01 00:00:00+00:00,ZECUSDT,182,6026570.1620688,16.0
2020-07-01 00:00:00+00:00,ETCUSDT,182,5773008.783848,17.0
2020-07-01 00:00:00+00:00,BATUSDT,182,4626287.7944885,18.0
2020-07-01 00:00:00+00:00,THETAUSDT,182,4103961.4229055,19.0
2020-07-01 00:00:00+00:00,NEOUSDT,182,4021247.413096,20.0
2020-07-01 00:00:00+00:00,TFUELUSDT,182,3616553.0939905,21.0
2020-07-01 00:00:00+00:00,ATOMUSDT,182,2956790.7488705,22.0
2020-07-01 00:00:00+00:00,KAVAUSDT,182,2414465.156248,23.0
2020-07-01 00:00:00+00:00,QTUMUSDT,182,2409979.8325,24.0
2020-07-01 00:00:00+00:00,DASHUSDT,182,2290308.02231015,25.0
2020-08-01 00:00:00+00:00,BTCUSDT,213,407169277.8418133,1.0
2020-08-01 00:00:00+00:00,ETHUSDT,213,144658060.14289743,2.0
2020-08-01 00:00:00+00:00,LINKUSDT,213,72010875.7858475,3.0
2020-08-01 00:00:00+00:00,ADAUSDT,213,53901786.978219494,4.0
2020-08-01 00:00:00+00:00,VETUSDT,213,42598423.64533,5.0
2020-08-01 00:00:00+00:00,BNBUSDT,213,39618477.0879065,6.0
2020-08-01 00:00:00+00:00,XRPUSDT,213,31476433.011944,7.0
2020-08-01 00:00:00+00:00,XLMUSDT,213,21264506.473552,8.0
2020-08-01 00:00:00+00:00,XTZUSDT,213,20526888.791644998,9.0
2020-08-01 00:00:00+00:00,BCHUSDT,213,19822964.52635225,10.0
2020-08-01 00:00:00+00:00,LTCUSDT,213,13535470.66690515,11.0
2020-08-01 00:00:00+00:00,TRXUSDT,213,12410631.6671925,12.0
2020-08-01 00:00:00+00:00,ZECUSDT,213,10631907.985738799,13.0
2020-08-01 00:00:00+00:00,ATOMUSDT,213,10288597.252269998,14.0
2020-08-01 00:00:00+00:00,ONTUSDT,213,9113483.1417735,15.0
2020-08-01 00:00:00+00:00,ETCUSDT,213,8030327.879303001,16.0
2020-08-01 00:00:00+00:00,KAVAUSDT,213,7346248.8687575,17.0
2020-08-01 00:00:00+00:00,QTUMUSDT,213,7273042.852148,18.0
2020-08-01 00:00:00+00:00,ALGOUSDT,213,7105944.859769501,19.0
2020-08-01 00:00:00+00:00,NEOUSDT,213,6731717.576288501,20.0
2020-08-01 00:00:00+00:00,IOSTUSDT,213,5312260.3343095,21.0
2020-08-01 00:00:00+00:00,BANDUSDT,213,5287017.236949,22.0
2020-08-01 00:00:00+00:00,ZILUSDT,213,4846699.807624,23.0
2020-08-01 00:00:00+00:00,ZRXUSDT,213,4454793.0182555,24.0
2020-08-01 00:00:00+00:00,BATUSDT,213,4428362.763083501,25.0
2020-09-01 00:00:00+00:00,BTCUSDT,244,684860022.3802726,1.0
2020-09-01 00:00:00+00:00,ETHUSDT,244,331510093.5956418,2.0
2020-09-01 00:00:00+00:00,LINKUSDT,244,197003425.028393,3.0
2020-09-01 00:00:00+00:00,XRPUSDT,244,84800832.3710845,4.0
2020-09-01 00:00:00+00:00,BNBUSDT,244,55672073.147337005,5.0
2020-09-01 00:00:00+00:00,BCHUSDT,244,49308947.73953535,6.0
2020-09-01 00:00:00+00:00,LTCUSDT,244,46865569.938666,7.0
2020-09-01 00:00:00+00:00,ADAUSDT,244,40885190.4777545,8.0
2020-09-01 00:00:00+00:00,XTZUSDT,244,40102738.5874825,9.0
2020-09-01 00:00:00+00:00,VETUSDT,244,33075366.736122,10.0
2020-09-01 00:00:00+00:00,BANDUSDT,244,32692079.6178375,11.0
2020-09-01 00:00:00+00:00,TRXUSDT,244,31121218.3102915,12.0
2020-09-01 00:00:00+00:00,ZECUSDT,244,25161208.1210988,13.0
2020-09-01 00:00:00+00:00,ALGOUSDT,244,22420576.797577,14.0
2020-09-01 00:00:00+00:00,ATOMUSDT,244,21627829.4687875,15.0
2020-09-01 00:00:00+00:00,ONTUSDT,244,19385079.9047415,16.0
2020-09-01 00:00:00+00:00,QTUMUSDT,244,16758065.757953,17.0
2020-09-01 00:00:00+00:00,NEOUSDT,244,15827353.663844999,18.0
2020-09-01 00:00:00+00:00,KAVAUSDT,244,15560331.739908,19.0
2020-09-01 00:00:00+00:00,XLMUSDT,244,15512016.7490035,20.0
2020-09-01 00:00:00+00:00,ETCUSDT,244,11387452.9408785,21.0
2020-09-01 00:00:00+00:00,ZILUSDT,244,10233272.046769,22.0
2020-09-01 00:00:00+00:00,IOSTUSDT,244,9968853.747788,23.0
2020-09-01 00:00:00+00:00,THETAUSDT,244,9577140.586528499,24.0
2020-09-01 00:00:00+00:00,ZRXUSDT,244,9144025.974948999,25.0
2020-10-01 00:00:00+00:00,BTCUSDT,274,559683109.9164919,1.0
2020-10-01 00:00:00+00:00,ETHUSDT,274,321062885.32939243,2.0
2020-10-01 00:00:00+00:00,LINKUSDT,274,133079353.30733049,3.0
2020-10-01 00:00:00+00:00,BNBUSDT,274,104851159.5810085,4.0
2020-10-01 00:00:00+00:00,TRXUSDT,274,44362071.219817,5.0
2020-10-01 00:00:00+00:00,XRPUSDT,274,33495020.4129685,6.0
2020-10-01 00:00:00+00:00,ADAUSDT,274,31775561.650123,7.0
2020-10-01 00:00:00+00:00,BCHUSDT,274,24831098.488677047,8.0
2020-10-01 00:00:00+00:00,VETUSDT,274,23809340.2916875,9.0
2020-10-01 00:00:00+00:00,NEOUSDT,274,23518969.597041503,10.0
2020-10-01 00:00:00+00:00,LTCUSDT,274,21259695.18463045,11.0
2020-10-01 00:00:00+00:00,ONTUSDT,274,16764262.3655485,12.0
2020-10-01 00:00:00+00:00,BANDUSDT,274,14940274.434912499,13.0
2020-10-01 00:00:00+00:00,ATOMUSDT,274,12946149.287402999,14.0
2020-10-01 00:00:00+00:00,ZECUSDT,274,12365998.3238484,15.0
2020-10-01 00:00:00+00:00,IOSTUSDT,274,11970604.597977001,16.0
2020-10-01 00:00:00+00:00,XTZUSDT,274,11606845.269444,17.0
2020-10-01 00:00:00+00:00,QTUMUSDT,274,11054832.6059235,18.0
2020-10-01 00:00:00+00:00,XLMUSDT,274,8421168.2757555,19.0
2020-10-01 00:00:00+00:00,THETAUSDT,274,7433390.072436,20.0
2020-10-01 00:00:00+00:00,ALGOUSDT,274,6572311.396648,21.0
2020-10-01 00:00:00+00:00,COMPUSDT,98,5482400.363103351,22.0
2020-10-01 00:00:00+00:00,ETCUSDT,274,5354695.062144499,23.0
2020-10-01 00:00:00+00:00,KAVAUSDT,274,4739499.8692595,24.0
2020-10-01 00:00:00+00:00,DASHUSDT,274,4289964.4780477,25.0
2020-11-01 00:00:00+00:00,BTCUSDT,305,540775502.657757,1.0
2020-11-01 00:00:00+00:00,ETHUSDT,305,222217529.23106307,2.0
2020-11-01 00:00:00+00:00,LINKUSDT,305,87388016.900727,3.0
2020-11-01 00:00:00+00:00,BNBUSDT,305,74251208.35738656,4.0
2020-11-01 00:00:00+00:00,XRPUSDT,305,37603423.19613,5.0
2020-11-01 00:00:00+00:00,BCHUSDT,305,35187084.72755375,6.0
2020-11-01 00:00:00+00:00,ADAUSDT,305,24956673.53103,7.0
2020-11-01 00:00:00+00:00,LTCUSDT,305,23383042.2705767,8.0
2020-11-01 00:00:00+00:00,TRXUSDT,305,22426923.564489,9.0
2020-11-01 00:00:00+00:00,ZECUSDT,305,14075316.4991825,10.0
2020-11-01 00:00:00+00:00,VETUSDT,305,12053591.813177,11.0
2020-11-01 00:00:00+00:00,NEOUSDT,305,9643869.2446375,12.0
2020-11-01 00:00:00+00:00,ATOMUSDT,305,9620228.838181999,13.0
2020-11-01 00:00:00+00:00,XTZUSDT,305,7618267.689643,14.0
2020-11-01 00:00:00+00:00,BANDUSDT,305,7145727.1397865005,15.0
2020-11-01 00:00:00+00:00,XLMUSDT,305,6887886.322017,16.0
2020-11-01 00:00:00+00:00,THETAUSDT,305,6636102.435064999,17.0
2020-11-01 00:00:00+00:00,ONTUSDT,305,5633192.8739965,18.0
2020-11-01 00:00:00+00:00,QTUMUSDT,305,5572991.401234,19.0
2020-11-01 00:00:00+00:00,ETCUSDT,305,5213579.93912,20.0
2020-11-01 00:00:00+00:00,DASHUSDT,305,4664525.13085405,21.0
2020-11-01 00:00:00+00:00,IOSTUSDT,305,4238429.4762055,22.0
2020-11-01 00:00:00+00:00,ALGOUSDT,305,4217381.0579215,23.0
2020-11-01 00:00:00+00:00,ZILUSDT,305,3731647.6243885,24.0
2020-11-01 00:00:00+00:00,KAVAUSDT,305,2982781.6890895003,25.0
2020-12-01 00:00:00+00:00,BTCUSDT,335,1472166450.7445655,1.0
2020-12-01 00:00:00+00:00,ETHUSDT,335,518083915.1814975,2.0
2020-12-01 00:00:00+00:00,LINKUSDT,335,130013523.000332,3.0
2020-12-01 00:00:00+00:00,LTCUSDT,335,111057405.57438855,4.0
2020-12-01 00:00:00+00:00,YFIUSDT,113,109776707.66197753,5.0
2020-12-01 00:00:00+00:00,XRPUSDT,335,87897629.541163,6.0
2020-12-01 00:00:00+00:00,BNBUSDT,335,65024500.604644194,7.0
2020-12-01 00:00:00+00:00,BCHUSDT,335,54802274.26157805,8.0
2020-12-01 00:00:00+00:00,ADAUSDT,335,39268196.0317655,9.0
2020-12-01 00:00:00+00:00,DOTUSDT,105,29878338.4490605,10.0
2020-12-01 00:00:00+00:00,TRXUSDT,335,26624080.626509503,11.0
2020-12-01 00:00:00+00:00,SUSHIUSDT,91,19318184.1505175,12.0
2020-12-01 00:00:00+00:00,CRVUSDT,108,19172013.7776085,13.0
2020-12-01 00:00:00+00:00,ZECUSDT,335,18944883.442341052,14.0
2020-12-01 00:00:00+00:00,VETUSDT,335,17767851.0900415,15.0
2020-12-01 00:00:00+00:00,ETCUSDT,335,12944831.129292998,16.0
2020-12-01 00:00:00+00:00,ATOMUSDT,335,12044874.4379085,17.0
2020-12-01 00:00:00+00:00,XTZUSDT,335,11955821.440203,18.0
2020-12-01 00:00:00+00:00,NEOUSDT,335,11679300.587930001,19.0
2020-12-01 00:00:00+00:00,DASHUSDT,335,10953604.03413155,20.0
2020-12-01 00:00:00+00:00,XLMUSDT,335,9733392.1054315,21.0
2020-12-01 00:00:00+00:00,RSRUSDT,96,9651834.6121675,22.0
2020-12-01 00:00:00+00:00,BANDUSDT,335,8941460.397743002,23.0
2020-12-01 00:00:00+00:00,CVCUSDT,335,7552775.5716895,24.0
2020-12-01 00:00:00+00:00,KAVAUSDT,335,6917612.240556,25.0
2021-01-01 00:00:00+00:00,BTCUSDT,366,1706628159.4035397,1.0
2021-01-01 00:00:00+00:00,ETHUSDT,366,559507080.2580723,2.0
2021-01-01 00:00:00+00:00,XRPUSDT,366,406298999.26864946,3.0
2021-01-01 00:00:00+00:00,LTCUSDT,366,193755980.24894565,4.0
2021-01-01 00:00:00+00:00,BCHUSDT,366,85294047.0500044,5.0
2021-01-01 00:00:00+00:00,LINKUSDT,366,75793254.4266525,6.0
2021-01-01 00:00:00+00:00,ADAUSDT,366,67535058.7064175,7.0
2021-01-01 00:00:00+00:00,BNBUSDT,366,67490495.17100164,8.0
2021-01-01 00:00:00+00:00,XLMUSDT,366,47372738.4750395,9.0
2021-01-01 00:00:00+00:00,YFIUSDT,144,44854313.21011167,10.0
2021-01-01 00:00:00+00:00,SUSHIUSDT,122,33050593.962878503,11.0
2021-01-01 00:00:00+00:00,DOTUSDT,136,30161048.108374,12.0
2021-01-01 00:00:00+00:00,TRXUSDT,366,28405378.656677,13.0
2021-01-01 00:00:00+00:00,VETUSDT,366,22671317.618213497,14.0
2021-01-01 00:00:00+00:00,UNIUSDT,106,21664149.522413,15.0
2021-01-01 00:00:00+00:00,ZILUSDT,366,21566497.578576498,16.0
2021-01-01 00:00:00+00:00,THETAUSDT,366,17414162.1497705,17.0
2021-01-01 00:00:00+00:00,ETCUSDT,366,16833723.600920502,18.0
2021-01-01 00:00:00+00:00,EGLDUSDT,120,16283386.5786735,19.0
2021-01-01 00:00:00+00:00,ZECUSDT,366,14576895.09408225,20.0
2021-01-01 00:00:00+00:00,DASHUSDT,366,12773515.121932,21.0
2021-01-01 00:00:00+00:00,NEOUSDT,366,10638051.1284925,22.0
2021-01-01 00:00:00+00:00,CRVUSDT,139,9338224.633217,23.0
2021-01-01 00:00:00+00:00,SNXUSDT,176,9319537.5293385,24.0
2021-01-01 00:00:00+00:00,ALGOUSDT,366,8667432.439358499,25.0
2021-02-01 00:00:00+00:00,BTCUSDT,397,3859221891.396002,1.0
2021-02-01 00:00:00+00:00,ETHUSDT,397,2383243861.3430443,2.0
2021-02-01 00:00:00+00:00,DOTUSDT,167,335927473.8425425,3.0
2021-02-01 00:00:00+00:00,LTCUSDT,397,299680751.9277987,4.0
2021-02-01 00:00:00+00:00,LINKUSDT,397,265006127.0664075,5.0
2021-02-01 00:00:00+00:00,XRPUSDT,397,261946857.0776195,6.0
2021-02-01 00:00:00+00:00,ADAUSDT,397,237321704.4170735,7.0
2021-02-01 00:00:00+00:00,BCHUSDT,397,174833777.1983583,8.0
2021-02-01 00:00:00+00:00,XLMUSDT,397,145999131.83812398,9.0
2021-02-01 00:00:00+00:00,BNBUSDT,397,138707468.19330335,10.0
2021-02-01 00:00:00+00:00,UNIUSDT,137,79521235.58328849,11.0
2021-02-01 00:00:00+00:00,YFIUSDT,175,75090418.5958453,12.0
2021-02-01 00:00:00+00:00,SUSHIUSDT,153,71475011.4322495,13.0
2021-02-01 00:00:00+00:00,CRVUSDT,170,67373511.3063905,14.0
2021-02-01 00:00:00+00:00,TRXUSDT,397,66775589.093182,15.0
2021-02-01 00:00:00+00:00,VETUSDT,397,65168345.887812495,16.0
2021-02-01 00:00:00+00:00,AAVEUSDT,109,58773665.6296195,17.0
2021-02-01 00:00:00+00:00,ATOMUSDT,397,40259348.558278,18.0
2021-02-01 00:00:00+00:00,IOSTUSDT,397,39576684.015634,19.0
2021-02-01 00:00:00+00:00,NEOUSDT,397,39197151.158912,20.0
2021-02-01 00:00:00+00:00,ETCUSDT,397,37828806.22935,21.0
2021-02-01 00:00:00+00:00,ZECUSDT,397,35350249.35726395,22.0
2021-02-01 00:00:00+00:00,THETAUSDT,397,34450542.245957,23.0
2021-02-01 00:00:00+00:00,XTZUSDT,397,29865838.433532,24.0
2021-02-01 00:00:00+00:00,DOGEUSDT,397,29210055.16065585,25.0
2021-03-01 00:00:00+00:00,BTCUSDT,425,3852157104.7964363,1.0
2021-03-01 00:00:00+00:00,ETHUSDT,425,1894739209.2718332,2.0
2021-03-01 00:00:00+00:00,BNBUSDT,425,738714954.2873372,3.0
2021-03-01 00:00:00+00:00,ADAUSDT,425,667594460.7138698,4.0
2021-03-01 00:00:00+00:00,XRPUSDT,425,613177115.4846871,5.0
2021-03-01 00:00:00+00:00,DOGEUSDT,425,485974785.29144,6.0
2021-03-01 00:00:00+00:00,DOTUSDT,195,453886344.1944635,7.0
2021-03-01 00:00:00+00:00,LTCUSDT,425,328378877.47570133,8.0
2021-03-01 00:00:00+00:00,LINKUSDT,425,213321216.640266,9.0
2021-03-01 00:00:00+00:00,BCHUSDT,425,199241213.74478537,10.0
2021-03-01 00:00:00+00:00,XLMUSDT,425,195610676.157246,11.0
2021-03-01 00:00:00+00:00,UNIUSDT,165,134736353.1780395,12.0
2021-03-01 00:00:00+00:00,TRXUSDT,425,129534775.010517,13.0
2021-03-01 00:00:00+00:00,SUSHIUSDT,181,120734842.44483301,14.0
2021-03-01 00:00:00+00:00,AAVEUSDT,137,113522043.4790125,15.0
2021-03-01 00:00:00+00:00,VETUSDT,425,110127983.08510199,16.0
2021-03-01 00:00:00+00:00,ATOMUSDT,425,98064920.9117195,17.0
2021-03-01 00:00:00+00:00,EGLDUSDT,179,90853120.762611,18.0
2021-03-01 00:00:00+00:00,AVAXUSDT,160,84541121.9447055,19.0
2021-03-01 00:00:00+00:00,FILUSDT,137,80060838.4382205,20.0
2021-03-01 00:00:00+00:00,LUNAUSDT,192,79685822.9559875,21.0
2021-03-01 00:00:00+00:00,ONTUSDT,425,73719640.2206305,22.0
2021-03-01 00:00:00+00:00,ALGOUSDT,425,71778620.242278,23.0
2021-03-01 00:00:00+00:00,NEOUSDT,425,69201149.902197,24.0
2021-03-01 00:00:00+00:00,IOSTUSDT,425,63734460.0966955,25.0
2021-04-01 00:00:00+00:00,BTCUSDT,456,3651554594.320943,1.0
2021-04-01 00:00:00+00:00,ETHUSDT,456,1303414920.21454,2.0
2021-04-01 00:00:00+00:00,BNBUSDT,456,836925820.7845376,3.0
2021-04-01 00:00:00+00:00,ADAUSDT,456,448546667.63886905,4.0
2021-04-01 00:00:00+00:00,CHZUSDT,456,398296534.6182265,5.0
2021-04-01 00:00:00+00:00,XRPUSDT,456,292647270.014246,6.0
2021-04-01 00:00:00+00:00,DOTUSDT,226,262257138.663827,7.0
2021-04-01 00:00:00+00:00,ENJUSDT,456,190512207.80961752,8.0
2021-04-01 00:00:00+00:00,LTCUSDT,456,177658844.72352695,9.0
2021-04-01 00:00:00+00:00,THETAUSDT,456,165810408.483462,10.0
2021-04-01 00:00:00+00:00,VETUSDT,456,144536855.4409175,11.0
2021-04-01 00:00:00+00:00,FILUSDT,168,139057222.112025,12.0
2021-04-01 00:00:00+00:00,LINKUSDT,456,130668166.99454,13.0
2021-04-01 00:00:00+00:00,LUNAUSDT,223,126135708.83898449,14.0
2021-04-01 00:00:00+00:00,ONEUSDT,456,123895368.3507675,15.0
2021-04-01 00:00:00+00:00,UNIUSDT,196,109172393.04710251,16.0
2021-04-01 00:00:00+00:00,HOTUSDT,456,104890991.21672136,17.0
2021-04-01 00:00:00+00:00,TRXUSDT,456,94029963.2376875,18.0
2021-04-01 00:00:00+00:00,DOGEUSDT,456,91012058.10189044,19.0
2021-04-01 00:00:00+00:00,AVAXUSDT,191,85808589.25006899,20.0
2021-04-01 00:00:00+00:00,TFUELUSDT,456,79153124.73441449,21.0
2021-04-01 00:00:00+00:00,XLMUSDT,456,73691014.0983005,22.0
2021-04-01 00:00:00+00:00,ANKRUSDT,456,73371935.0226485,23.0
2021-04-01 00:00:00+00:00,ONTUSDT,456,71937267.0923315,24.0
2021-04-01 00:00:00+00:00,COTIUSDT,400,71655524.8619715,25.0
2021-05-01 00:00:00+00:00,BTCUSDT,486,3320987303.082324,1.0
2021-05-01 00:00:00+00:00,XRPUSDT,486,2028069556.3870096,2.0
2021-05-01 00:00:00+00:00,ETHUSDT,486,1799591251.0805259,3.0
2021-05-01 00:00:00+00:00,BNBUSDT,486,1759288907.4012358,4.0
2021-05-01 00:00:00+00:00,DOGEUSDT,486,1294848664.549201,5.0
2021-05-01 00:00:00+00:00,WINUSDT,486,564045358.813304,6.0
2021-05-01 00:00:00+00:00,ADAUSDT,486,505172195.8584885,7.0
2021-05-01 00:00:00+00:00,VETUSDT,486,453123850.5607618,8.0
2021-05-01 00:00:00+00:00,CHZUSDT,486,422553174.9077325,9.0
2021-05-01 00:00:00+00:00,TRXUSDT,486,419969012.9903575,10.0
2021-05-01 00:00:00+00:00,DOTUSDT,256,388931409.069348,11.0
2021-05-01 00:00:00+00:00,LTCUSDT,486,366985500.91708374,12.0
2021-05-01 00:00:00+00:00,HOTUSDT,486,318442568.7845988,13.0
2021-05-01 00:00:00+00:00,FILUSDT,198,242744266.215895,14.0
2021-05-01 00:00:00+00:00,LINKUSDT,486,204403122.4439655,15.0
2021-05-01 00:00:00+00:00,BCHUSDT,486,198805976.3462444,16.0
2021-05-01 00:00:00+00:00,XLMUSDT,486,158041534.06314152,17.0
2021-05-01 00:00:00+00:00,THETAUSDT,486,155619470.47145152,18.0
2021-05-01 00:00:00+00:00,UNIUSDT,226,139268682.92784798,19.0
2021-05-01 00:00:00+00:00,SOLUSDT,263,131776516.32934451,20.0
2021-05-01 00:00:00+00:00,NEOUSDT,486,127500752.9230025,21.0
2021-05-01 00:00:00+00:00,ONTUSDT,486,127416456.709081,22.0
2021-05-01 00:00:00+00:00,ETCUSDT,486,103690312.642759,23.0
2021-05-01 00:00:00+00:00,ENJUSDT,486,102509179.1705535,24.0
2021-05-01 00:00:00+00:00,LUNAUSDT,253,96233773.283774,25.0
2021-06-01 00:00:00+00:00,ETHUSDT,517,4371567051.705606,1.0
2021-06-01 00:00:00+00:00,BTCUSDT,517,4339385071.334397,2.0
2021-06-01 00:00:00+00:00,DOGEUSDT,517,2581757761.0082264,3.0
2021-06-01 00:00:00+00:00,BNBUSDT,517,1699975251.0223205,4.0
2021-06-01 00:00:00+00:00,XRPUSDT,517,1445527281.439774,5.0
2021-06-01 00:00:00+00:00,ADAUSDT,517,1260531918.0025778,6.0
2021-06-01 00:00:00+00:00,DOTUSDT,287,742143776.4894304,7.0
2021-06-01 00:00:00+00:00,ETCUSDT,517,711064681.381149,8.0
2021-06-01 00:00:00+00:00,LTCUSDT,517,529292042.5601951,9.0
2021-06-01 00:00:00+00:00,LINKUSDT,517,435739034.911776,10.0
2021-06-01 00:00:00+00:00,VETUSDT,517,381852370.764579,11.0
2021-06-01 00:00:00+00:00,BCHUSDT,517,342026207.8436141,12.0
2021-06-01 00:00:00+00:00,TRXUSDT,517,288784712.72813904,13.0
2021-06-01 00:00:00+00:00,XLMUSDT,517,212543662.239887,14.0
2021-06-01 00:00:00+00:00,CAKEUSDT,102,191318980.843848,15.0
2021-06-01 00:00:00+00:00,SOLUSDT,294,190121276.2194165,16.0
2021-06-01 00:00:00+00:00,FILUSDT,229,184141937.9881065,17.0
2021-06-01 00:00:00+00:00,THETAUSDT,517,183598050.621619,18.0
2021-06-01 00:00:00+00:00,CHZUSDT,517,176101522.6784555,19.0
2021-06-01 00:00:00+00:00,UNIUSDT,257,174836549.44366252,20.0
2021-06-01 00:00:00+00:00,SUSHIUSDT,273,168303630.1386275,21.0
2021-06-01 00:00:00+00:00,LUNAUSDT,284,155493577.43145448,22.0
2021-06-01 00:00:00+00:00,AAVEUSDT,229,148009733.1624815,23.0
2021-06-01 00:00:00+00:00,NEOUSDT,517,143888641.09361,24.0
2021-06-01 00:00:00+00:00,ONTUSDT,517,131294469.92164701,25.0
2021-07-01 00:00:00+00:00,BTCUSDT,547,3204485839.694007,1.0
2021-07-01 00:00:00+00:00,ETHUSDT,547,1810574490.7660675,2.0
2021-07-01 00:00:00+00:00,BNBUSDT,547,757506977.6590605,3.0
2021-07-01 00:00:00+00:00,DOGEUSDT,547,498600906.58228695,4.0
2021-07-01 00:00:00+00:00,ADAUSDT,547,489433849.77437305,5.0
2021-07-01 00:00:00+00:00,XRPUSDT,547,432635931.218143,6.0
2021-07-01 00:00:00+00:00,DOTUSDT,317,303468636.12943804,7.0
2021-07-01 00:00:00+00:00,LINKUSDT,547,186137820.97733802,8.0
2021-07-01 00:00:00+00:00,SOLUSDT,324,185427189.85217398,9.0
2021-07-01 00:00:00+00:00,VETUSDT,547,177111794.1172765,10.0
2021-07-01 00:00:00+00:00,FILUSDT,259,133885431.6502015,11.0
2021-07-01 00:00:00+00:00,THETAUSDT,547,132270130.91162649,12.0
2021-07-01 00:00:00+00:00,TFUELUSDT,547,131830825.076368,13.0
2021-07-01 00:00:00+00:00,LTCUSDT,547,129436025.6771637,14.0
2021-07-01 00:00:00+00:00,ETCUSDT,547,109336055.212859,15.0
2021-07-01 00:00:00+00:00,KSMUSDT,300,92247467.9039625,16.0
2021-07-01 00:00:00+00:00,CHZUSDT,547,91271304.70135099,17.0
2021-07-01 00:00:00+00:00,TRXUSDT,547,85042386.398884,18.0
2021-07-01 00:00:00+00:00,CAKEUSDT,132,73779428.28795299,19.0
2021-07-01 00:00:00+00:00,LUNAUSDT,314,61773948.620069504,20.0
2021-07-01 00:00:00+00:00,RUNEUSDT,300,61117211.382688,21.0
2021-07-01 00:00:00+00:00,BCHUSDT,547,60907207.75193265,22.0
2021-07-01 00:00:00+00:00,AAVEUSDT,259,55019993.167417005,23.0
2021-07-01 00:00:00+00:00,UNIUSDT,287,51240213.543908,24.0
2021-07-01 00:00:00+00:00,XLMUSDT,547,47067430.1792015,25.0
2021-08-01 00:00:00+00:00,BTCUSDT,578,1639441277.9392958,1.0
2021-08-01 00:00:00+00:00,ETHUSDT,578,1363285966.1664572,2.0
2021-08-01 00:00:00+00:00,AXSUSDT,270,433102125.70873,3.0
2021-08-01 00:00:00+00:00,BNBUSDT,578,415720242.9934745,4.0
2021-08-01 00:00:00+00:00,DOGEUSDT,578,248837860.251184,5.0
2021-08-01 00:00:00+00:00,XRPUSDT,578,221411484.896455,6.0
2021-08-01 00:00:00+00:00,ADAUSDT,578,188964879.15268052,7.0
2021-08-01 00:00:00+00:00,DOTUSDT,348,161044890.5691135,8.0
2021-08-01 00:00:00+00:00,TLMUSDT,110,155186960.57479,9.0
2021-08-01 00:00:00+00:00,ETCUSDT,578,93232623.6659465,10.0
2021-08-01 00:00:00+00:00,SOLUSDT,355,92945661.4485775,11.0
2021-08-01 00:00:00+00:00,LINKUSDT,578,90969516.6905065,12.0
2021-08-01 00:00:00+00:00,THETAUSDT,578,86635525.412665,13.0
2021-08-01 00:00:00+00:00,ALICEUSDT,139,82600391.896629,14.0
2021-08-01 00:00:00+00:00,LUNAUSDT,345,71972585.001608,15.0
2021-08-01 00:00:00+00:00,SANDUSDT,352,64223806.7300995,16.0
2021-08-01 00:00:00+00:00,LTCUSDT,578,63241203.6000181,17.0
2021-08-01 00:00:00+00:00,FILUSDT,290,60324193.094158,18.0
2021-08-01 00:00:00+00:00,AAVEUSDT,290,58561589.513155505,19.0
2021-08-01 00:00:00+00:00,VETUSDT,578,56342968.097163,20.0
2021-08-01 00:00:00+00:00,RUNEUSDT,331,48398651.6286365,21.0
2021-08-01 00:00:00+00:00,SLPUSDT,93,48374379.6488,22.0
2021-08-01 00:00:00+00:00,UNIUSDT,318,46802113.894384,23.0
2021-08-01 00:00:00+00:00,CAKEUSDT,163,46592704.137201995,24.0
2021-08-01 00:00:00+00:00,CHRUSDT,451,46151288.647249505,25.0
2021-09-01 00:00:00+00:00,BTCUSDT,609,2375110048.681699,1.0
2021-09-01 00:00:00+00:00,ETHUSDT,609,1959248419.8072731,2.0
2021-09-01 00:00:00+00:00,ADAUSDT,609,751916042.0782205,3.0
2021-09-01 00:00:00+00:00,XRPUSDT,609,620516163.43484,4.0
2021-09-01 00:00:00+00:00,BNBUSDT,609,595787717.1852784,5.0
2021-09-01 00:00:00+00:00,DOGEUSDT,609,590918452.2117136,6.0
2021-09-01 00:00:00+00:00,DOTUSDT,379,335733924.4754645,7.0
2021-09-01 00:00:00+00:00,SOLUSDT,386,307965203.68649745,8.0
2021-09-01 00:00:00+00:00,AXSUSDT,301,244937545.7013175,9.0
2021-09-01 00:00:00+00:00,LUNAUSDT,376,208413966.268492,10.0
2021-09-01 00:00:00+00:00,FILUSDT,321,177904857.7732845,11.0
2021-09-01 00:00:00+00:00,ICPUSDT,113,170726949.203,12.0
2021-09-01 00:00:00+00:00,LINKUSDT,609,161392344.739654,13.0
2021-09-01 00:00:00+00:00,AVAXUSDT,344,153974981.553372,14.0
2021-09-01 00:00:00+00:00,ALICEUSDT,170,145401178.54799598,15.0
2021-09-01 00:00:00+00:00,VETUSDT,609,134823958.314964,16.0
2021-09-01 00:00:00+00:00,ETCUSDT,609,131913346.956837,17.0
2021-09-01 00:00:00+00:00,LTCUSDT,609,116949327.87154046,18.0
2021-09-01 00:00:00+00:00,TLMUSDT,141,112965330.5236655,19.0
2021-09-01 00:00:00+00:00,THETAUSDT,609,105725446.9825665,20.0
2021-09-01 00:00:00+00:00,CHZUSDT,609,89911694.171087,21.0
2021-09-01 00:00:00+00:00,SHIBUSDT,114,85339510.38005868,22.0
2021-09-01 00:00:00+00:00,RUNEUSDT,362,82975209.373016,23.0
2021-09-01 00:00:00+00:00,TRXUSDT,609,79014282.398621,24.0
2021-09-01 00:00:00+00:00,CAKEUSDT,194,73461322.01117149,25.0
2021-10-01 00:00:00+00:00,BTCUSDT,639,2098458299.1708481,1.0
2021-10-01 00:00:00+00:00,ETHUSDT,639,1563328395.8743687,2.0
2021-10-01 00:00:00+00:00,SOLUSDT,416,999698699.21505,3.0
2021-10-01 00:00:00+00:00,ADAUSDT,639,558730062.26965,4.0
2021-10-01 00:00:00+00:00,BNBUSDT,639,512087005.1105005,5.0
2021-10-01 00:00:00+00:00,DOTUSDT,409,478089156.1290065,6.0
2021-10-01 00:00:00+00:00,AVAXUSDT,374,439263647.08124995,7.0
2021-10-01 00:00:00+00:00,XRPUSDT,639,428889848.93625,8.0
2021-10-01 00:00:00+00:00,FILUSDT,351,334980204.93990004,9.0
2021-10-01 00:00:00+00:00,LUNAUSDT,406,292333450.1617,10.0
2021-10-01 00:00:00+00:00,ATOMUSDT,639,254206342.8265,11.0
2021-10-01 00:00:00+00:00,DOGEUSDT,639,252042769.70235002,12.0
2021-10-01 00:00:00+00:00,FTTUSDT,639,212814600.6218,13.0
2021-10-01 00:00:00+00:00,LINKUSDT,639,211014286.7495195,14.0
2021-10-01 00:00:00+00:00,ALGOUSDT,639,153225751.3929865,15.0
2021-10-01 00:00:00+00:00,LTCUSDT,639,128381132.85695,16.0
2021-10-01 00:00:00+00:00,TRXUSDT,639,122590725.14877,17.0
2021-10-01 00:00:00+00:00,AXSUSDT,331,117341349.154876,18.0
2021-10-01 00:00:00+00:00,NEARUSDT,352,111506743.6199,19.0
2021-10-01 00:00:00+00:00,XTZUSDT,639,109000345.3488,20.0
2021-10-01 00:00:00+00:00,VETUSDT,639,106726105.11596149,21.0
2021-10-01 00:00:00+00:00,CELRUSDT,639,98399026.1396375,22.0
2021-10-01 00:00:00+00:00,THETAUSDT,639,95521833.633,23.0
2021-10-01 00:00:00+00:00,ICPUSDT,143,94932119.46215001,24.0
2021-10-01 00:00:00+00:00,ONEUSDT,639,81733468.1026695,25.0
2021-11-01 00:00:00+00:00,BTCUSDT,670,2844617054.1991343,1.0
2021-11-01 00:00:00+00:00,ETHUSDT,670,1576145441.432652,2.0
2021-11-01 00:00:00+00:00,SHIBUSDT,175,1523829106.5262828,3.0
2021-11-01 00:00:00+00:00,SOLUSDT,447,581466206.222,4.0
2021-11-01 00:00:00+00:00,BNBUSDT,670,500119535.96739995,5.0
2021-11-01 00:00:00+00:00,DOTUSDT,440,437202167.0302,6.0
2021-11-01 00:00:00+00:00,XRPUSDT,670,432593437.75345004,7.0
2021-11-01 00:00:00+00:00,DOGEUSDT,670,386831120.8636,8.0
2021-11-01 00:00:00+00:00,ADAUSDT,670,289800137.67255,9.0
2021-11-01 00:00:00+00:00,FILUSDT,382,276044836.7738,10.0
2021-11-01 00:00:00+00:00,AXSUSDT,362,221338699.0467,11.0
2021-11-01 00:00:00+00:00,LUNAUSDT,437,208871674.6498,12.0
2021-11-01 00:00:00+00:00,TRXUSDT,670,198578302.7627285,13.0
2021-11-01 00:00:00+00:00,AVAXUSDT,405,195356224.0435,14.0
2021-11-01 00:00:00+00:00,LINKUSDT,670,150380911.9669,15.0
2021-11-01 00:00:00+00:00,ATOMUSDT,670,124513179.9382,16.0
2021-11-01 00:00:00+00:00,LTCUSDT,670,111711996.93169999,17.0
2021-11-01 00:00:00+00:00,ONEUSDT,670,109363125.5114875,18.0
2021-11-01 00:00:00+00:00,VETUSDT,670,105664430.13904399,19.0
2021-11-01 00:00:00+00:00,SLPUSDT,185,100964995.7416,20.0
2021-11-01 00:00:00+00:00,ICPUSDT,174,98941696.75545,21.0
2021-11-01 00:00:00+00:00,THETAUSDT,670,91156556.28475,22.0
2021-11-01 00:00:00+00:00,NEARUSDT,383,82391840.61545,23.0
2021-11-01 00:00:00+00:00,FTTUSDT,670,81241818.50615,24.0
2021-11-01 00:00:00+00:00,ALGOUSDT,670,73255941.70574999,25.0
2021-12-01 00:00:00+00:00,BTCUSDT,700,2587152711.671243,1.0
2021-12-01 00:00:00+00:00,ETHUSDT,700,1783465511.8474069,2.0
2021-12-01 00:00:00+00:00,SHIBUSDT,205,944389144.1942899,3.0
2021-12-01 00:00:00+00:00,SANDUSDT,474,874209601.276,4.0
2021-12-01 00:00:00+00:00,BNBUSDT,700,699806351.553056,5.0
2021-12-01 00:00:00+00:00,MANAUSDT,482,627564929.7846,6.0
2021-12-01 00:00:00+00:00,SOLUSDT,477,484534565.48915005,7.0
2021-12-01 00:00:00+00:00,TRXUSDT,700,422544844.888847,8.0
2021-12-01 00:00:00+00:00,DOTUSDT,470,392247858.7341,9.0
2021-12-01 00:00:00+00:00,AVAXUSDT,435,377499931.343775,10.0
2021-12-01 00:00:00+00:00,XRPUSDT,700,371335869.44365,11.0
2021-12-01 00:00:00+00:00,DOGEUSDT,700,319957693.01405,12.0
2021-12-01 00:00:00+00:00,ADAUSDT,700,288058449.6656,13.0
2021-12-01 00:00:00+00:00,FILUSDT,412,214027299.97815,14.0
2021-12-01 00:00:00+00:00,LTCUSDT,700,191940338.10045,15.0
2021-12-01 00:00:00+00:00,CHZUSDT,700,169675433.4562,16.0
2021-12-01 00:00:00+00:00,LUNAUSDT,467,153988745.3601,17.0
2021-12-01 00:00:00+00:00,CHRUSDT,573,145913408.78585,18.0
2021-12-01 00:00:00+00:00,LINKUSDT,700,144693342.09955,19.0
2021-12-01 00:00:00+00:00,TLMUSDT,232,144150932.812,20.0
2021-12-01 00:00:00+00:00,VETUSDT,700,131316180.63395551,21.0
2021-12-01 00:00:00+00:00,AXSUSDT,392,127421448.3139,22.0
2021-12-01 00:00:00+00:00,ENJUSDT,700,121951862.75765,23.0
2021-12-01 00:00:00+00:00,ALICEUSDT,261,111362229.14335,24.0
2021-12-01 00:00:00+00:00,SLPUSDT,215,104998215.36635,25.0
2022-01-01 00:00:00+00:00,BTCUSDT,731,1834354573.9774952,1.0
2022-01-01 00:00:00+00:00,ETHUSDT,731,1494984128.351244,2.0
2022-01-01 00:00:00+00:00,LUNAUSDT,498,495444839.325294,3.0
2022-01-01 00:00:00+00:00,BNBUSDT,731,468843284.55770004,4.0
2022-01-01 00:00:00+00:00,SANDUSDT,505,355645836.6709,5.0
2022-01-01 00:00:00+00:00,SOLUSDT,508,317165170.48045003,6.0
2022-01-01 00:00:00+00:00,SHIBUSDT,236,314860266.35840195,7.0
2022-01-01 00:00:00+00:00,GALAUSDT,110,302036539.05623996,8.0
2022-01-01 00:00:00+00:00,AVAXUSDT,466,286105359.25815,9.0
2022-01-01 00:00:00+00:00,XRPUSDT,731,281574409.34555,10.0
2022-01-01 00:00:00+00:00,DOTUSDT,501,272681457.21145,11.0
2022-01-01 00:00:00+00:00,ADAUSDT,731,216241051.7636,12.0
2022-01-01 00:00:00+00:00,MANAUSDT,513,188834838.73795,13.0
2022-01-01 00:00:00+00:00,DOGEUSDT,731,161840632.4171,14.0
2022-01-01 00:00:00+00:00,NEARUSDT,444,147058542.272,15.0
2022-01-01 00:00:00+00:00,TRXUSDT,731,128987848.9126355,16.0
2022-01-01 00:00:00+00:00,FILUSDT,443,126969754.42225,17.0
2022-01-01 00:00:00+00:00,LINKUSDT,731,126822604.1394,18.0
2022-01-01 00:00:00+00:00,LTCUSDT,731,84586821.40655,19.0
2022-01-01 00:00:00+00:00,CRVUSDT,504,82176917.4176,20.0
2022-01-01 00:00:00+00:00,ATOMUSDT,731,73825270.59845,21.0
2022-01-01 00:00:00+00:00,EGLDUSDT,485,68564811.015,22.0
2022-01-01 00:00:00+00:00,VETUSDT,731,63136227.196239,23.0
2022-01-01 00:00:00+00:00,ICPUSDT,235,61455487.23685,24.0
2022-01-01 00:00:00+00:00,ROSEUSDT,408,59670228.103724495,25.0
2022-02-01 00:00:00+00:00,BTCUSDT,762,1538074228.3578115,1.0
2022-02-01 00:00:00+00:00,ETHUSDT,762,1150170555.6012044,2.0
2022-02-01 00:00:00+00:00,BNBUSDT,762,378753678.76900005,3.0
2022-02-01 00:00:00+00:00,LUNAUSDT,529,358367364.8848,4.0
2022-02-01 00:00:00+00:00,ATOMUSDT,762,254712861.08749998,5.0
2022-02-01 00:00:00+00:00,SOLUSDT,539,232807954.11035,6.0
2022-02-01 00:00:00+00:00,SANDUSDT,536,219700588.22114998,7.0
2022-02-01 00:00:00+00:00,NEARUSDT,475,216639899.40465,8.0
2022-02-01 00:00:00+00:00,DOTUSDT,532,214561317.1282,9.0
2022-02-01 00:00:00+00:00,ADAUSDT,762,208331503.154159,10.0
2022-02-01 00:00:00+00:00,XRPUSDT,762,177161148.00245,11.0
2022-02-01 00:00:00+00:00,SHIBUSDT,267,167607477.39290768,12.0
2022-02-01 00:00:00+00:00,GALAUSDT,141,164931621.389875,13.0
2022-02-01 00:00:00+00:00,ROSEUSDT,439,161710491.520415,14.0
2022-02-01 00:00:00+00:00,LINKUSDT,762,157978715.3995,15.0
2022-02-01 00:00:00+00:00,AVAXUSDT,497,155875183.42365,16.0
2022-02-01 00:00:00+00:00,DOGEUSDT,762,150330304.98655,17.0
2022-02-01 00:00:00+00:00,ONEUSDT,762,125636937.317957,18.0
2022-02-01 00:00:00+00:00,TRXUSDT,762,119170843.37755549,19.0
2022-02-01 00:00:00+00:00,CRVUSDT,535,111897281.14745,20.0
2022-02-01 00:00:00+00:00,ICPUSDT,266,99761753.60165,21.0
2022-02-01 00:00:00+00:00,MANAUSDT,544,94402278.4231,22.0
2022-02-01 00:00:00+00:00,FILUSDT,474,73740168.3988,23.0
2022-02-01 00:00:00+00:00,LTCUSDT,762,61765292.81465,24.0
2022-02-01 00:00:00+00:00,AXSUSDT,454,50664877.16865,25.0
2022-03-01 00:00:00+00:00,BTCUSDT,790,1588993413.1915183,1.0
2022-03-01 00:00:00+00:00,ETHUSDT,790,1281849726.103979,2.0
2022-03-01 00:00:00+00:00,XRPUSDT,790,325121814.5029,3.0
2022-03-01 00:00:00+00:00,LUNAUSDT,557,289213545.4849,4.0
2022-03-01 00:00:00+00:00,SHIBUSDT,295,284782666.3266787,5.0
2022-03-01 00:00:00+00:00,GALAUSDT,169,278157421.004055,6.0
2022-03-01 00:00:00+00:00,BNBUSDT,790,261393764.3183,7.0
2022-03-01 00:00:00+00:00,SOLUSDT,567,240341901.02445,8.0
2022-03-01 00:00:00+00:00,AVAXUSDT,525,189948851.5344,9.0
2022-03-01 00:00:00+00:00,SANDUSDT,564,185271288.32454997,10.0
2022-03-01 00:00:00+00:00,DOTUSDT,560,149778110.62435,11.0
2022-03-01 00:00:00+00:00,SLPUSDT,305,147891872.40185,12.0
2022-03-01 00:00:00+00:00,ADAUSDT,790,147180773.597,13.0
2022-03-01 00:00:00+00:00,MANAUSDT,572,141416832.87124997,14.0
2022-03-01 00:00:00+00:00,ATOMUSDT,790,99793700.48135,15.0
2022-03-01 00:00:00+00:00,TRXUSDT,790,90649856.0911065,16.0
2022-03-01 00:00:00+00:00,DOGEUSDT,790,90412356.5124,17.0
2022-03-01 00:00:00+00:00,LINKUSDT,790,80088468.995502,18.0
2022-03-01 00:00:00+00:00,NEARUSDT,503,79746084.09605,19.0
2022-03-01 00:00:00+00:00,FILUSDT,502,59955471.195199996,20.0
2022-03-01 00:00:00+00:00,AXSUSDT,482,55672424.17125,21.0
2022-03-01 00:00:00+00:00,LTCUSDT,790,54841080.100600004,22.0
2022-03-01 00:00:00+00:00,ROSEUSDT,467,53763776.0748355,23.0
2022-03-01 00:00:00+00:00,ICPUSDT,294,49858245.05235,24.0
2022-03-01 00:00:00+00:00,THETAUSDT,790,45884535.0368,25.0
2022-04-01 00:00:00+00:00,BTCUSDT,821,1919586111.113631,1.0
2022-04-01 00:00:00+00:00,ETHUSDT,821,1328096924.5010786,2.0
2022-04-01 00:00:00+00:00,LUNAUSDT,588,408079265.6325,3.0
2022-04-01 00:00:00+00:00,XRPUSDT,821,247138507.45354998,4.0
2022-04-01 00:00:00+00:00,SOLUSDT,598,237201256.8602,5.0
2022-04-01 00:00:00+00:00,AVAXUSDT,556,237049435.4143,6.0
2022-04-01 00:00:00+00:00,BNBUSDT,821,227329960.7618,7.0
2022-04-01 00:00:00+00:00,SHIBUSDT,326,160304864.65071163,8.0
2022-04-01 00:00:00+00:00,GALAUSDT,200,160000410.46523,9.0
2022-04-01 00:00:00+00:00,DOTUSDT,591,115308600.07115,10.0
2022-04-01 00:00:00+00:00,JASMYUSDT,130,114155512.97665,11.0
2022-04-01 00:00:00+00:00,NEARUSDT,534,112635846.18645,12.0
2022-04-01 00:00:00+00:00,ADAUSDT,821,104567273.42045,13.0
2022-04-01 00:00:00+00:00,RUNEUSDT,574,97633324.09099999,14.0
2022-04-01 00:00:00+00:00,ATOMUSDT,821,96697571.36520001,15.0
2022-04-01 00:00:00+00:00,SANDUSDT,595,93947026.1612,16.0
2022-04-01 00:00:00+00:00,TRXUSDT,821,84455922.02680251,17.0
2022-04-01 00:00:00+00:00,LINKUSDT,821,67155977.8248,18.0
2022-04-01 00:00:00+00:00,DOGEUSDT,821,66988925.2364,19.0
2022-04-01 00:00:00+00:00,MANAUSDT,603,63657893.978750005,20.0
2022-04-01 00:00:00+00:00,SLPUSDT,336,54748915.846750006,21.0
2022-04-01 00:00:00+00:00,LTCUSDT,821,50395749.38615,22.0
2022-04-01 00:00:00+00:00,MBLUSDT,770,48942216.11744,23.0
2022-04-01 00:00:00+00:00,PEOPLEUSDT,99,44930401.08129,24.0
2022-04-01 00:00:00+00:00,VETUSDT,821,43341845.648812994,25.0
2022-05-01 00:00:00+00:00,BTCUSDT,851,1776195363.0253525,1.0
2022-05-01 00:00:00+00:00,ETHUSDT,851,1392290765.7132845,2.0
2022-05-01 00:00:00+00:00,LUNAUSDT,618,332349563.13030005,3.0
2022-05-01 00:00:00+00:00,BNBUSDT,851,270430689.5965,4.0
2022-05-01 00:00:00+00:00,NEARUSDT,564,253320374.59105,5.0
2022-05-01 00:00:00+00:00,SOLUSDT,628,250146721.78825,6.0
2022-05-01 00:00:00+00:00,DOGEUSDT,851,198738056.45,7.0
2022-05-01 00:00:00+00:00,XRPUSDT,851,170623519.97065002,8.0
2022-05-01 00:00:00+00:00,SHIBUSDT,356,156330625.55610722,9.0
2022-05-01 00:00:00+00:00,AVAXUSDT,586,125234621.94095,10.0
2022-05-01 00:00:00+00:00,ZILUSDT,851,105039341.273509,11.0
2022-05-01 00:00:00+00:00,ADAUSDT,851,102710356.76635,12.0
2022-05-01 00:00:00+00:00,DOTUSDT,621,86221246.12385,13.0
2022-05-01 00:00:00+00:00,JASMYUSDT,160,81225804.23879,14.0
2022-05-01 00:00:00+00:00,GALAUSDT,230,78255725.53254,15.0
2022-05-01 00:00:00+00:00,TRXUSDT,851,73902827.805875,16.0
2022-05-01 00:00:00+00:00,FILUSDT,563,72710310.20594999,17.0
2022-05-01 00:00:00+00:00,SANDUSDT,625,67858941.69285,18.0
2022-05-01 00:00:00+00:00,RUNEUSDT,604,66791189.3168,19.0
2022-05-01 00:00:00+00:00,SLPUSDT,366,61588384.801465,20.0
2022-05-01 00:00:00+00:00,ATOMUSDT,851,58207626.2883,21.0
2022-05-01 00:00:00+00:00,ETCUSDT,851,55036274.0893,22.0
2022-05-01 00:00:00+00:00,VETUSDT,851,41974069.1454505,23.0
2022-05-01 00:00:00+00:00,AXSUSDT,543,41759767.39915,24.0
2022-05-01 00:00:00+00:00,KNCUSDT,688,41419269.9228695,25.0
2022-06-01 00:00:00+00:00,BTCUSDT,882,1997809626.3984094,1.0
2022-06-01 00:00:00+00:00,ETHUSDT,882,1468925367.3036015,2.0
2022-06-01 00:00:00+00:00,LUNAUSDT,649,312330166.7211,3.0
2022-06-01 00:00:00+00:00,BNBUSDT,882,280894669.28395,4.0
2022-06-01 00:00:00+00:00,SOLUSDT,659,227789473.27305,5.0
2022-06-01 00:00:00+00:00,XRPUSDT,882,175483877.77735,6.0
2022-06-01 00:00:00+00:00,TRXUSDT,882,152981949.36606902,7.0
2022-06-01 00:00:00+00:00,AVAXUSDT,617,148750293.03305,8.0
2022-06-01 00:00:00+00:00,ADAUSDT,882,114253898.016045,9.0
2022-06-01 00:00:00+00:00,SHIBUSDT,387,98365708.7727719,10.0
2022-06-01 00:00:00+00:00,NEARUSDT,595,97428565.8477,11.0
2022-06-01 00:00:00+00:00,DOTUSDT,652,96675474.8897915,12.0
2022-06-01 00:00:00+00:00,DOGEUSDT,882,87401991.44205001,13.0
2022-06-01 00:00:00+00:00,GALAUSDT,261,72828929.579195,14.0
2022-06-01 00:00:00+00:00,SANDUSDT,656,62992740.81295,15.0
2022-06-01 00:00:00+00:00,ZILUSDT,882,53800139.046849,16.0
2022-06-01 00:00:00+00:00,AXSUSDT,574,51915254.0606,17.0
2022-06-01 00:00:00+00:00,ATOMUSDT,882,50376966.14795,18.0
2022-06-01 00:00:00+00:00,JASMYUSDT,191,49536065.182516396,19.0
2022-06-01 00:00:00+00:00,MANAUSDT,664,47600813.600549996,20.0
2022-06-01 00:00:00+00:00,ENSUSDT,203,44382802.042,21.0
2022-06-01 00:00:00+00:00,LTCUSDT,882,42588961.43865,22.0
2022-06-01 00:00:00+00:00,RUNEUSDT,635,42295503.5344,23.0
2022-06-01 00:00:00+00:00,LINKUSDT,882,40807481.9606,24.0
2022-06-01 00:00:00+00:00,VETUSDT,882,33442969.311631,25.0
2022-07-01 00:00:00+00:00,BTCUSDT,912,1882105888.656591,1.0
2022-07-01 00:00:00+00:00,ETHUSDT,912,1505179842.6098945,2.0
2022-07-01 00:00:00+00:00,SOLUSDT,689,208176640.6059,3.0
2022-07-01 00:00:00+00:00,BNBUSDT,912,167475247.94204998,4.0
2022-07-01 00:00:00+00:00,ADAUSDT,912,137217339.058245,5.0
2022-07-01 00:00:00+00:00,XRPUSDT,912,123782013.31815,6.0
2022-07-01 00:00:00+00:00,GMTUSDT,114,100163338.455683,7.0
2022-07-01 00:00:00+00:00,AVAXUSDT,647,86330719.5129,8.0
2022-07-01 00:00:00+00:00,TRXUSDT,912,83838147.4131085,9.0
2022-07-01 00:00:00+00:00,DOGEUSDT,912,71874160.097565,10.0
2022-07-01 00:00:00+00:00,APEUSDT,106,68278719.59622401,11.0
2022-07-01 00:00:00+00:00,LINKUSDT,912,59714940.11005,12.0
2022-07-01 00:00:00+00:00,SHIBUSDT,417,57322851.685592085,13.0
2022-07-01 00:00:00+00:00,NEARUSDT,625,51516594.7327,14.0
2022-07-01 00:00:00+00:00,DOTUSDT,682,48928915.7241,15.0
2022-07-01 00:00:00+00:00,GALAUSDT,291,47314259.802495,16.0
2022-07-01 00:00:00+00:00,SANDUSDT,686,44188303.6413,17.0
2022-07-01 00:00:00+00:00,LUNAUSDT,679,41316378.786697,18.0
2022-07-01 00:00:00+00:00,LTCUSDT,912,33677419.08502525,19.0
2022-07-01 00:00:00+00:00,ATOMUSDT,912,29826931.005577497,20.0
2022-07-01 00:00:00+00:00,MANAUSDT,694,29368211.13135,21.0
2022-07-01 00:00:00+00:00,PEOPLEUSDT,190,28066917.958397,22.0
2022-07-01 00:00:00+00:00,RUNEUSDT,665,27468671.7309,23.0
2022-07-01 00:00:00+00:00,BELUSDT,654,23372901.01185,24.0
2022-07-01 00:00:00+00:00,JASMYUSDT,221,23349650.1087167,25.0
2022-08-01 00:00:00+00:00,BTCUSDT,943,3580405596.6252317,1.0
2022-08-01 00:00:00+00:00,ETHUSDT,943,1650608793.5142264,2.0
2022-08-01 00:00:00+00:00,SOLUSDT,720,161961054.67145002,3.0
2022-08-01 00:00:00+00:00,BNBUSDT,943,131011289.3773,4.0
2022-08-01 00:00:00+00:00,ADAUSDT,943,91519179.887995,5.0
2022-08-01 00:00:00+00:00,XRPUSDT,943,91515453.5162,6.0
2022-08-01 00:00:00+00:00,AVAXUSDT,678,81690234.674,7.0
2022-08-01 00:00:00+00:00,GMTUSDT,145,65669207.166760996,8.0
2022-08-01 00:00:00+00:00,APEUSDT,137,61434302.5450725,9.0
2022-08-01 00:00:00+00:00,ETCUSDT,943,60753348.8221,10.0
2022-08-01 00:00:00+00:00,SHIBUSDT,448,55497659.945381194,11.0
2022-08-01 00:00:00+00:00,SANDUSDT,717,45417876.1879,12.0
2022-08-01 00:00:00+00:00,DOTUSDT,713,43893992.4328545,13.0
2022-08-01 00:00:00+00:00,DOGEUSDT,943,43754010.903809994,14.0
2022-08-01 00:00:00+00:00,ATOMUSDT,943,41995904.455615,15.0
2022-08-01 00:00:00+00:00,NEARUSDT,656,40621682.6027,16.0
2022-08-01 00:00:00+00:00,TRXUSDT,943,40260712.125167,17.0
2022-08-01 00:00:00+00:00,RUNEUSDT,696,39671904.30575,18.0
2022-08-01 00:00:00+00:00,LINKUSDT,943,38245539.42225,19.0
2022-08-01 00:00:00+00:00,GALAUSDT,322,33214581.840740003,20.0
2022-08-01 00:00:00+00:00,UNIUSDT,683,31787045.2464,21.0
2022-08-01 00:00:00+00:00,LTCUSDT,943,27050001.017145,22.0
2022-08-01 00:00:00+00:00,AAVEUSDT,655,23688988.9907,23.0
2022-08-01 00:00:00+00:00,DYDXUSDT,326,22563885.16893,24.0
2022-08-01 00:00:00+00:00,MANAUSDT,725,22328425.5375,25.0
2022-09-01 00:00:00+00:00,BTCUSDT,974,3958839436.2895947,1.0
2022-09-01 00:00:00+00:00,ETHUSDT,974,1381070249.997756,2.0
2022-09-01 00:00:00+00:00,ETCUSDT,974,151441425.69120002,3.0
2022-09-01 00:00:00+00:00,SOLUSDT,751,140140301.6509,4.0
2022-09-01 00:00:00+00:00,BNBUSDT,974,140093904.30545,5.0
2022-09-01 00:00:00+00:00,CHZUSDT,974,82724849.67315,6.0
2022-09-01 00:00:00+00:00,ADAUSDT,974,76177267.797815,7.0
2022-09-01 00:00:00+00:00,XRPUSDT,974,70461741.25755,8.0
2022-09-01 00:00:00+00:00,OPUSDT,92,64726589.145160004,9.0
2022-09-01 00:00:00+00:00,AVAXUSDT,709,64679738.38565,10.0
2022-09-01 00:00:00+00:00,SHIBUSDT,479,61047055.49153803,11.0
2022-09-01 00:00:00+00:00,NEARUSDT,687,60096685.85095,12.0
2022-09-01 00:00:00+00:00,DOGEUSDT,974,57629740.6995,13.0
2022-09-01 00:00:00+00:00,FILUSDT,686,48539913.760000005,14.0
2022-09-01 00:00:00+00:00,APEUSDT,168,47660577.143374994,15.0
2022-09-01 00:00:00+00:00,DOTUSDT,744,44730684.02845,16.0
2022-09-01 00:00:00+00:00,GALAUSDT,353,35129898.670674995,17.0
2022-09-01 00:00:00+00:00,ATOMUSDT,974,34008285.647815004,18.0
2022-09-01 00:00:00+00:00,LINKUSDT,974,33599138.853195,19.0
2022-09-01 00:00:00+00:00,GMTUSDT,176,33027862.020065002,20.0
2022-09-01 00:00:00+00:00,SANDUSDT,748,31911937.01035,21.0
2022-09-01 00:00:00+00:00,LDOUSDT,115,30212820.130525,22.0
2022-09-01 00:00:00+00:00,LTCUSDT,974,28576872.151845,23.0
2022-09-01 00:00:00+00:00,RUNEUSDT,727,27787813.13345,24.0
2022-09-01 00:00:00+00:00,TRXUSDT,974,27200435.5531085,25.0
2022-10-01 00:00:00+00:00,BTCUSDT,1004,6622509046.527445,1.0
2022-10-01 00:00:00+00:00,ETHUSDT,1004,1105937160.5225985,2.0
2022-10-01 00:00:00+00:00,XRPUSDT,1004,130618968.25585,3.0
2022-10-01 00:00:00+00:00,SOLUSDT,781,97803602.07640001,4.0
2022-10-01 00:00:00+00:00,BNBUSDT,1004,97481472.4089,5.0
2022-10-01 00:00:00+00:00,ETCUSDT,1004,80801581.26605001,6.0
2022-10-01 00:00:00+00:00,ATOMUSDT,1004,76130566.48657,7.0
2022-10-01 00:00:00+00:00,CHZUSDT,1004,70140449.3095,8.0
2022-10-01 00:00:00+00:00,ADAUSDT,1004,65503544.40916,9.0
2022-10-01 00:00:00+00:00,SHIBUSDT,509,49304604.67442378,10.0
2022-10-01 00:00:00+00:00,LUNAUSDT,771,46310409.339211,11.0
2022-10-01 00:00:00+00:00,LINKUSDT,1004,45308206.958785,12.0
2022-10-01 00:00:00+00:00,NEARUSDT,717,42708856.3815,13.0
2022-10-01 00:00:00+00:00,DOTUSDT,774,41960748.7839,14.0
2022-10-01 00:00:00+00:00,APEUSDT,198,41857583.3531,15.0
2022-10-01 00:00:00+00:00,DOGEUSDT,1004,35765022.903615,16.0
2022-10-01 00:00:00+00:00,AVAXUSDT,739,35187562.5387,17.0
2022-10-01 00:00:00+00:00,LTCUSDT,1004,32786969.081924997,18.0
2022-10-01 00:00:00+00:00,OPUSDT,122,31584185.69254,19.0
2022-10-01 00:00:00+00:00,TRXUSDT,1004,25622496.875007,20.0
2022-10-01 00:00:00+00:00,RVNUSDT,1004,25265777.445484,21.0
2022-10-01 00:00:00+00:00,FILUSDT,716,23579563.19915,22.0
2022-10-01 00:00:00+00:00,SANDUSDT,778,22551934.4689,23.0
2022-10-01 00:00:00+00:00,LDOUSDT,145,18292133.75661,24.0
2022-10-01 00:00:00+00:00,GMTUSDT,206,18281446.051845,25.0
2022-11-01 00:00:00+00:00,BTCUSDT,1035,4800001286.20856,1.0
2022-11-01 00:00:00+00:00,ETHUSDT,1035,636344979.9669495,2.0
2022-11-01 00:00:00+00:00,XRPUSDT,1035,156513322.97025,3.0
2022-11-01 00:00:00+00:00,SOLUSDT,812,61570695.86665,4.0
2022-11-01 00:00:00+00:00,BNBUSDT,1035,59890527.6246,5.0
2022-11-01 00:00:00+00:00,ADAUSDT,1035,38668338.201315,6.0
2022-11-01 00:00:00+00:00,CHZUSDT,1035,36886390.6874,7.0
2022-11-01 00:00:00+00:00,SHIBUSDT,540,34094925.65866111,8.0
2022-11-01 00:00:00+00:00,LINKUSDT,1035,28534573.24964,9.0
2022-11-01 00:00:00+00:00,ATOMUSDT,1035,27656712.677325003,10.0
2022-11-01 00:00:00+00:00,ETCUSDT,1035,25905622.47265,11.0
2022-11-01 00:00:00+00:00,DOTUSDT,805,25125343.2315,12.0
2022-11-01 00:00:00+00:00,TRXUSDT,1035,25020148.62079,13.0
2022-11-01 00:00:00+00:00,AVAXUSDT,770,23145829.9877,14.0
2022-11-01 00:00:00+00:00,DOGEUSDT,1035,22235302.838615,15.0
2022-11-01 00:00:00+00:00,NEARUSDT,748,20745410.3375,16.0
2022-11-01 00:00:00+00:00,LUNAUSDT,802,19810215.142442003,17.0
2022-11-01 00:00:00+00:00,LTCUSDT,1035,18525070.184335,18.0
2022-11-01 00:00:00+00:00,UNIUSDT,775,17604380.84805,19.0
2022-11-01 00:00:00+00:00,QNTUSDT,460,16441395.263549998,20.0
2022-11-01 00:00:00+00:00,SUSHIUSDT,791,15309476.85695,21.0
2022-11-01 00:00:00+00:00,APEUSDT,229,14951104.13339,22.0
2022-11-01 00:00:00+00:00,ENSUSDT,356,14492673.2896,23.0
2022-11-01 00:00:00+00:00,FILUSDT,747,12088779.033100002,24.0
2022-11-01 00:00:00+00:00,GALAUSDT,414,11788130.56435,25.0
2022-12-01 00:00:00+00:00,BTCUSDT,1065,4563293987.143547,1.0
2022-12-01 00:00:00+00:00,ETHUSDT,1065,769647341.8190751,2.0
2022-12-01 00:00:00+00:00,DOGEUSDT,1065,221787422.783495,3.0
2022-12-01 00:00:00+00:00,BNBUSDT,1065,152375658.52485,4.0
2022-12-01 00:00:00+00:00,XRPUSDT,1065,139523388.17865002,5.0
2022-12-01 00:00:00+00:00,CHZUSDT,1065,104013938.43349999,6.0
2022-12-01 00:00:00+00:00,LTCUSDT,1065,86325495.487775,7.0
2022-12-01 00:00:00+00:00,SOLUSDT,842,81290345.9485,8.0
2022-12-01 00:00:00+00:00,LINKUSDT,1065,60464533.32781,9.0
2022-12-01 00:00:00+00:00,MASKUSDT,555,46017309.573149994,10.0
2022-12-01 00:00:00+00:00,SHIBUSDT,570,44943973.3865506,11.0
2022-12-01 00:00:00+00:00,ADAUSDT,1065,36530910.93917,12.0
2022-12-01 00:00:00+00:00,TRXUSDT,1065,29877906.122016497,13.0
2022-12-01 00:00:00+00:00,APEUSDT,259,28339436.63818,14.0
2022-12-01 00:00:00+00:00,NEARUSDT,778,27572238.587564997,15.0
2022-12-01 00:00:00+00:00,ALGOUSDT,1065,26572456.802301,16.0
2022-12-01 00:00:00+00:00,DYDXUSDT,448,26335325.77049,17.0
2022-12-01 00:00:00+00:00,DOTUSDT,835,25926852.5649,18.0
2022-12-01 00:00:00+00:00,ATOMUSDT,1065,23210319.6883,19.0
2022-12-01 00:00:00+00:00,AVAXUSDT,800,22898159.29495,20.0
2022-12-01 00:00:00+00:00,UNIUSDT,805,20110870.86785,21.0
2022-12-01 00:00:00+00:00,ETCUSDT,1065,18783048.66175,22.0
2022-12-01 00:00:00+00:00,SANDUSDT,839,18706882.414296,23.0
2022-12-01 00:00:00+00:00,SUSHIUSDT,821,17704515.99255,24.0
2022-12-01 00:00:00+00:00,FILUSDT,777,17454531.1397,25.0
2023-01-01 00:00:00+00:00,BTCUSDT,1096,2965353052.531558,1.0
2023-01-01 00:00:00+00:00,ETHUSDT,1096,396833045.5598415,2.0
2023-01-01 00:00:00+00:00,XRPUSDT,1096,100941457.2852,3.0
2023-01-01 00:00:00+00:00,DOGEUSDT,1096,96479444.92754,4.0
2023-01-01 00:00:00+00:00,BNBUSDT,1096,71290962.97780001,5.0
2023-01-01 00:00:00+00:00,LTCUSDT,1096,45690056.023865,6.0
2023-01-01 00:00:00+00:00,SOLUSDT,873,31928199.96295,7.0
2023-01-01 00:00:00+00:00,LINKUSDT,1096,21254626.478215,8.0
2023-01-01 00:00:00+00:00,ADAUSDT,1096,19697850.090245,9.0
2023-01-01 00:00:00+00:00,TWTUSDT,704,18366186.4816,10.0
2023-01-01 00:00:00+00:00,TRXUSDT,1096,17947873.541818,11.0
2023-01-01 00:00:00+00:00,CHZUSDT,1096,17086000.88965,12.0
2023-01-01 00:00:00+00:00,SHIBUSDT,601,16022970.302849885,13.0
2023-01-01 00:00:00+00:00,APEUSDT,290,15939415.832430001,14.0
2023-01-01 00:00:00+00:00,MASKUSDT,586,15787191.953949999,15.0
2023-01-01 00:00:00+00:00,DOTUSDT,866,15006346.52998,16.0
2023-01-01 00:00:00+00:00,OPUSDT,214,12764169.06759,17.0
2023-01-01 00:00:00+00:00,ATOMUSDT,1096,12277647.997875001,18.0
2023-01-01 00:00:00+00:00,FILUSDT,808,11754620.254900001,19.0
2023-01-01 00:00:00+00:00,SANDUSDT,870,11365297.765,20.0
2023-01-01 00:00:00+00:00,AVAXUSDT,831,11060610.1698,21.0
2023-01-01 00:00:00+00:00,NEARUSDT,809,10877932.9799,22.0
2023-01-01 00:00:00+00:00,LUNCUSDT,114,9802173.539878141,23.0
2023-01-01 00:00:00+00:00,DYDXUSDT,479,9078548.03579,24.0
2023-01-01 00:00:00+00:00,ETCUSDT,1096,8903078.2275,25.0
2023-02-01 00:00:00+00:00,BTCUSDT,1127,5962222347.01429,1.0
2023-02-01 00:00:00+00:00,ETHUSDT,1127,703055868.244034,2.0
2023-02-01 00:00:00+00:00,SOLUSDT,904,152865305.51445,3.0
2023-02-01 00:00:00+00:00,APTUSDT,105,145620349.5884115,4.0
2023-02-01 00:00:00+00:00,XRPUSDT,1127,143753269.2012,5.0
2023-02-01 00:00:00+00:00,DOGEUSDT,1127,95025637.801625,6.0
2023-02-01 00:00:00+00:00,BNBUSDT,1127,91381258.04859999,7.0
2023-02-01 00:00:00+00:00,GALAUSDT,506,82407511.93874499,8.0
2023-02-01 00:00:00+00:00,LTCUSDT,1127,63335990.17853,9.0
2023-02-01 00:00:00+00:00,SHIBUSDT,632,62863643.01338975,10.0
2023-02-01 00:00:00+00:00,AVAXUSDT,862,60354525.89614999,11.0
2023-02-01 00:00:00+00:00,OPUSDT,245,57655236.165235,12.0
2023-02-01 00:00:00+00:00,ADAUSDT,1127,46458893.037925005,13.0
2023-02-01 00:00:00+00:00,NEARUSDT,840,42617204.48425,14.0
2023-02-01 00:00:00+00:00,LDOUSDT,268,40135422.68996,15.0
2023-02-01 00:00:00+00:00,LINKUSDT,1127,35034055.53411,16.0
2023-02-01 00:00:00+00:00,FILUSDT,839,32504208.103589997,17.0
2023-02-01 00:00:00+00:00,SANDUSDT,901,31118433.551749997,18.0
2023-02-01 00:00:00+00:00,DOTUSDT,897,31050286.087169997,19.0
2023-02-01 00:00:00+00:00,APEUSDT,321,30882639.973105,20.0
2023-02-01 00:00:00+00:00,GMTUSDT,329,27639562.2506,21.0
2023-02-01 00:00:00+00:00,ETCUSDT,1127,26811131.1304,22.0
2023-02-01 00:00:00+00:00,ATOMUSDT,1127,25414287.45502,23.0
2023-02-01 00:00:00+00:00,TRXUSDT,1127,25092548.844089,24.0
2023-02-01 00:00:00+00:00,FETUSDT,1127,25021389.813,25.0
2023-03-01 00:00:00+00:00,BTCUSDT,1155,7149235569.390974,1.0
2023-03-01 00:00:00+00:00,ETHUSDT,1155,750804778.3083515,2.0
2023-03-01 00:00:00+00:00,APTUSDT,133,144320769.1961655,3.0
2023-03-01 00:00:00+00:00,XRPUSDT,1155,137381353.28455,4.0
2023-03-01 00:00:00+00:00,SOLUSDT,932,113981724.94405,5.0
2023-03-01 00:00:00+00:00,BNBUSDT,1155,103183823.6045,6.0
2023-03-01 00:00:00+00:00,OPUSDT,273,88232116.82503,7.0
2023-03-01 00:00:00+00:00,DOGEUSDT,1155,83881723.30403,8.0
2023-03-01 00:00:00+00:00,LDOUSDT,296,76382795.83333501,9.0
2023-03-01 00:00:00+00:00,SHIBUSDT,660,74396836.49583933,10.0
2023-03-01 00:00:00+00:00,LTCUSDT,1155,56594155.57259,11.0
2023-03-01 00:00:00+00:00,FILUSDT,867,52313206.06809001,12.0
2023-03-01 00:00:00+00:00,DYDXUSDT,538,51950977.026374996,13.0
2023-03-01 00:00:00+00:00,AVAXUSDT,890,46524203.845699996,14.0
2023-03-01 00:00:00+00:00,FETUSDT,1155,45390539.664900005,15.0
2023-03-01 00:00:00+00:00,GALAUSDT,534,43267928.79952,16.0
2023-03-01 00:00:00+00:00,ADAUSDT,1155,42472334.985249996,17.0
2023-03-01 00:00:00+00:00,DOTUSDT,925,36507784.11039,18.0
2023-03-01 00:00:00+00:00,LINKUSDT,1155,35561639.765005,19.0
2023-03-01 00:00:00+00:00,GRTUSDT,804,33281162.74955,20.0
2023-03-01 00:00:00+00:00,NEARUSDT,868,32242930.23555,21.0
2023-03-01 00:00:00+00:00,CFXUSDT,702,30327768.737350002,22.0
2023-03-01 00:00:00+00:00,SANDUSDT,929,29619605.1208,23.0
2023-03-01 00:00:00+00:00,TRXUSDT,1155,27772910.739714,24.0
2023-03-01 00:00:00+00:00,MINAUSDT,568,27340266.7958,25.0
2023-04-01 00:00:00+00:00,BTCUSDT,1186,6579383321.244237,1.0
2023-04-01 00:00:00+00:00,ETHUSDT,1186,1039720312.4603425,2.0
2023-04-01 00:00:00+00:00,XRPUSDT,1186,201447239.3099,3.0
2023-04-01 00:00:00+00:00,CFXUSDT,733,122925242.12329999,4.0
2023-04-01 00:00:00+00:00,BNBUSDT,1186,102883280.5945,5.0
2023-04-01 00:00:00+00:00,SOLUSDT,963,99660034.40810001,6.0
2023-04-01 00:00:00+00:00,LTCUSDT,1186,74974001.19582,7.0
2023-04-01 00:00:00+00:00,DOGEUSDT,1186,68010605.492575,8.0
2023-04-01 00:00:00+00:00,APTUSDT,164,66758983.63081899,9.0
2023-04-01 00:00:00+00:00,FILUSDT,898,63920565.45745,10.0
2023-04-01 00:00:00+00:00,OPUSDT,304,61918929.48487499,11.0
2023-04-01 00:00:00+00:00,MASKUSDT,676,60968866.516,12.0
2023-04-01 00:00:00+00:00,LDOUSDT,327,53522229.279195,13.0
2023-04-01 00:00:00+00:00,ADAUSDT,1186,51046947.583680004,14.0
2023-04-01 00:00:00+00:00,SHIBUSDT,691,47224758.79972156,15.0
2023-04-01 00:00:00+00:00,DYDXUSDT,569,46706436.547445,16.0
2023-04-01 00:00:00+00:00,STXUSDT,1186,46265377.24412,17.0
2023-04-01 00:00:00+00:00,MAGICUSDT,110,41123885.75326,18.0
2023-04-01 00:00:00+00:00,GALAUSDT,565,40259503.127739996,19.0
2023-04-01 00:00:00+00:00,LINKUSDT,1186,36101526.36498,20.0
2023-04-01 00:00:00+00:00,AVAXUSDT,921,32862692.92125,21.0
2023-04-01 00:00:00+00:00,DOTUSDT,956,32382259.667834997,22.0
2023-04-01 00:00:00+00:00,TRXUSDT,1186,29840718.450641498,23.0
2023-04-01 00:00:00+00:00,FETUSDT,1186,26841163.52105,24.0
2023-04-01 00:00:00+00:00,ATOMUSDT,1186,26070207.96807,25.0
2023-05-01 00:00:00+00:00,BTCUSDT,1216,1514748808.3851943,1.0
2023-05-01 00:00:00+00:00,ETHUSDT,1216,821590801.0520895,2.0
2023-05-01 00:00:00+00:00,XRPUSDT,1216,172265794.5293,3.0
2023-05-01 00:00:00+00:00,DOGEUSDT,1216,145246337.91245502,4.0
2023-05-01 00:00:00+00:00,BNBUSDT,1216,130592260.53985,5.0
2023-05-01 00:00:00+00:00,SOLUSDT,993,73613341.1057,6.0
2023-05-01 00:00:00+00:00,CFXUSDT,763,68013350.7158,7.0
2023-05-01 00:00:00+00:00,LTCUSDT,1216,59610140.90402,8.0
2023-05-01 00:00:00+00:00,ADAUSDT,1216,45661936.46076,9.0
2023-05-01 00:00:00+00:00,INJUSDT,922,44356015.001049995,10.0
2023-05-01 00:00:00+00:00,APTUSDT,194,41259281.9402165,11.0
2023-05-01 00:00:00+00:00,SHIBUSDT,721,34622913.27146449,12.0
2023-05-01 00:00:00+00:00,FILUSDT,928,33105029.82378,13.0
2023-05-01 00:00:00+00:00,GALAUSDT,595,31983118.75118,14.0
2023-05-01 00:00:00+00:00,OGUSDT,852,30571095.257799998,15.0
2023-05-01 00:00:00+00:00,LINKUSDT,1216,28580226.875935,16.0
2023-05-01 00:00:00+00:00,AVAXUSDT,951,27398792.6638,17.0
2023-05-01 00:00:00+00:00,OPUSDT,334,25838843.865434997,18.0
2023-05-01 00:00:00+00:00,DYDXUSDT,599,24603835.289695002,19.0
2023-05-01 00:00:00+00:00,DOTUSDT,986,22768900.060695,20.0
2023-05-01 00:00:00+00:00,ATOMUSDT,1216,22357560.77377,21.0
2023-05-01 00:00:00+00:00,MASKUSDT,706,22211305.00635,22.0
2023-05-01 00:00:00+00:00,LDOUSDT,357,20567468.90377,23.0
2023-05-01 00:00:00+00:00,TRXUSDT,1216,19143515.196613498,24.0
2023-05-01 00:00:00+00:00,ACHUSDT,476,17810655.948335,25.0
2023-06-01 00:00:00+00:00,BTCUSDT,1247,1133319217.9705553,1.0
2023-06-01 00:00:00+00:00,ETHUSDT,1247,633273161.638213,2.0
2023-06-01 00:00:00+00:00,XRPUSDT,1247,134356754.11455,3.0
2023-06-01 00:00:00+00:00,BNBUSDT,1247,80674043.45405,4.0
2023-06-01 00:00:00+00:00,SOLUSDT,1024,54252046.6116,5.0
2023-06-01 00:00:00+00:00,LTCUSDT,1247,51916334.906660005,6.0
2023-06-01 00:00:00+00:00,CFXUSDT,794,39001646.873950005,7.0
2023-06-01 00:00:00+00:00,DOGEUSDT,1247,33858466.630715,8.0
2023-06-01 00:00:00+00:00,ADAUSDT,1247,24152396.908715002,9.0
2023-06-01 00:00:00+00:00,TRXUSDT,1247,21560464.213795498,10.0
2023-06-01 00:00:00+00:00,APTUSDT,225,21506124.216808498,11.0
2023-06-01 00:00:00+00:00,GALAUSDT,626,21069246.610155,12.0
2023-06-01 00:00:00+00:00,OPUSDT,365,20803309.796635002,13.0
2023-06-01 00:00:00+00:00,INJUSDT,953,20474590.755599998,14.0
2023-06-01 00:00:00+00:00,AVAXUSDT,982,18395520.076849997,15.0
2023-06-01 00:00:00+00:00,ARPAUSDT,1247,17364985.402777,16.0
2023-06-01 00:00:00+00:00,FILUSDT,959,16922878.868505,17.0
2023-06-01 00:00:00+00:00,LDOUSDT,388,16616108.443750001,18.0
2023-06-01 00:00:00+00:00,SHIBUSDT,752,15471992.926624615,19.0
2023-06-01 00:00:00+00:00,LINKUSDT,1247,14887554.01451,20.0
2023-06-01 00:00:00+00:00,MASKUSDT,737,14122560.4503,21.0
2023-06-01 00:00:00+00:00,DYDXUSDT,630,12420548.382645,22.0
2023-06-01 00:00:00+00:00,FETUSDT,1247,12386118.1951,23.0
2023-06-01 00:00:00+00:00,MAGICUSDT,171,11545504.234965,24.0
2023-06-01 00:00:00+00:00,DOTUSDT,1017,11344377.690340001,25.0
2023-07-01 00:00:00+00:00,BTCUSDT,1277,1130374403.4220166,1.0
2023-07-01 00:00:00+00:00,ETHUSDT,1277,584349374.944332,2.0
2023-07-01 00:00:00+00:00,XRPUSDT,1277,161951453.3908,3.0
2023-07-01 00:00:00+00:00,BNBUSDT,1277,145514301.96415,4.0
2023-07-01 00:00:00+00:00,ARBUSDT,100,65581075.75113,5.0
2023-07-01 00:00:00+00:00,SOLUSDT,1054,60958569.985249996,6.0
2023-07-01 00:00:00+00:00,LTCUSDT,1277,50706787.063855,7.0
2023-07-01 00:00:00+00:00,DOGEUSDT,1277,34223314.81796,8.0
2023-07-01 00:00:00+00:00,ADAUSDT,1277,34044848.66382,9.0
2023-07-01 00:00:00+00:00,OPUSDT,395,27188527.23155,10.0
2023-07-01 00:00:00+00:00,APTUSDT,255,26174250.535802998,11.0
2023-07-01 00:00:00+00:00,CFXUSDT,824,23152715.93485,12.0
2023-07-01 00:00:00+00:00,AVAXUSDT,1012,21012925.512199998,13.0
2023-07-01 00:00:00+00:00,LINKUSDT,1277,18767514.17484,14.0
2023-07-01 00:00:00+00:00,TRXUSDT,1277,17783732.1633515,15.0
2023-07-01 00:00:00+00:00,INJUSDT,983,16905896.902,16.0
2023-07-01 00:00:00+00:00,SHIBUSDT,782,16353335.160273831,17.0
2023-07-01 00:00:00+00:00,APEUSDT,471,15631070.323635,18.0
2023-07-01 00:00:00+00:00,FILUSDT,989,15573847.34458,19.0
2023-07-01 00:00:00+00:00,DOTUSDT,1047,14446161.203189999,20.0
2023-07-01 00:00:00+00:00,GALAUSDT,656,13794862.153129999,21.0
2023-07-01 00:00:00+00:00,STXUSDT,1277,13700098.264759999,22.0
2023-07-01 00:00:00+00:00,LUNCUSDT,295,12748297.302865699,23.0
2023-07-01 00:00:00+00:00,SANDUSDT,1051,12713713.5932,24.0
2023-07-01 00:00:00+00:00,MTLUSDT,1277,12640644.5139,25.0
2023-08-01 00:00:00+00:00,BTCUSDT,1308,819110554.7631922,1.0
2023-08-01 00:00:00+00:00,ETHUSDT,1308,405385414.0630855,2.0
2023-08-01 00:00:00+00:00,XRPUSDT,1308,220291951.56155002,3.0
2023-08-01 00:00:00+00:00,BNBUSDT,1308,107364035.7015,4.0
2023-08-01 00:00:00+00:00,SOLUSDT,1085,103621532.1306,5.0
2023-08-01 00:00:00+00:00,LTCUSDT,1308,66287478.543515,6.0
2023-08-01 00:00:00+00:00,DOGEUSDT,1308,65840849.165335,7.0
2023-08-01 00:00:00+00:00,ARBUSDT,131,48877609.985275,8.0
2023-08-01 00:00:00+00:00,BCHUSDT,1308,45261948.07179999,9.0
2023-08-01 00:00:00+00:00,ADAUSDT,1308,28442605.493055,10.0
2023-08-01 00:00:00+00:00,COMPUSDT,1132,27190465.844690003,11.0
2023-08-01 00:00:00+00:00,LINKUSDT,1308,24631472.732205,12.0
2023-08-01 00:00:00+00:00,OPUSDT,426,24118453.985595003,13.0
2023-08-01 00:00:00+00:00,AVAXUSDT,1043,23535065.50275,14.0
2023-08-01 00:00:00+00:00,SHIBUSDT,813,22581709.31906872,15.0
2023-08-01 00:00:00+00:00,XLMUSDT,1308,19155307.6804,16.0
2023-08-01 00:00:00+00:00,TRXUSDT,1308,17803755.527832,17.0
2023-08-01 00:00:00+00:00,FILUSDT,1020,17451502.38181,18.0
2023-08-01 00:00:00+00:00,XVGUSDT,786,16591344.0242915,19.0
2023-08-01 00:00:00+00:00,SUIUSDT,90,16151812.857,20.0
2023-08-01 00:00:00+00:00,APTUSDT,286,14400607.1162625,21.0
2023-08-01 00:00:00+00:00,SNXUSDT,1118,14387427.497200001,22.0
2023-08-01 00:00:00+00:00,INJUSDT,1014,13299026.7928,23.0
2023-08-01 00:00:00+00:00,APEUSDT,502,12612764.954255,24.0
2023-08-01 00:00:00+00:00,DOTUSDT,1078,12096173.60451,25.0
2023-09-01 00:00:00+00:00,BTCUSDT,1339,790586061.1099291,1.0
2023-09-01 00:00:00+00:00,ETHUSDT,1339,354713763.85778403,2.0
2023-09-01 00:00:00+00:00,XRPUSDT,1339,183594645.3954,3.0
2023-09-01 00:00:00+00:00,BNBUSDT,1339,72505906.614,4.0
2023-09-01 00:00:00+00:00,SOLUSDT,1116,65009764.255150005,5.0
2023-09-01 00:00:00+00:00,SHIBUSDT,844,45679205.0520029,6.0
2023-09-01 00:00:00+00:00,DOGEUSDT,1339,43871012.200004995,7.0
2023-09-01 00:00:00+00:00,LTCUSDT,1339,32380269.65411,8.0
2023-09-01 00:00:00+00:00,OPUSDT,457,30140209.44866,9.0
2023-09-01 00:00:00+00:00,ARBUSDT,162,27830754.27264,10.0
2023-09-01 00:00:00+00:00,LINKUSDT,1339,22367467.289334998,11.0
2023-09-01 00:00:00+00:00,BCHUSDT,1339,21676749.715949997,12.0
2023-09-01 00:00:00+00:00,RUNEUSDT,1092,20902772.615199998,13.0
2023-09-01 00:00:00+00:00,PEPEUSDT,119,19029498.73450493,14.0
2023-09-01 00:00:00+00:00,YGGUSDT,707,18219990.67636,15.0
2023-09-01 00:00:00+00:00,SUIUSDT,121,17418712.673455,16.0
2023-09-01 00:00:00+00:00,ADAUSDT,1339,16285428.84662,17.0
2023-09-01 00:00:00+00:00,LPTUSDT,826,15637780.68385,18.0
2023-09-01 00:00:00+00:00,TRXUSDT,1339,15619173.876339,19.0
2023-09-01 00:00:00+00:00,HBARUSDT,1339,11422030.893849999,20.0
2023-09-01 00:00:00+00:00,AVAXUSDT,1074,11041414.914099999,21.0
2023-09-01 00:00:00+00:00,CRVUSDT,1112,10933887.361060001,22.0
2023-09-01 00:00:00+00:00,APEUSDT,533,10449847.791639999,23.0
2023-09-01 00:00:00+00:00,DYDXUSDT,722,10243704.7072,24.0
2023-09-01 00:00:00+00:00,FILUSDT,1051,9508866.204565,25.0
2023-10-01 00:00:00+00:00,BTCUSDT,1369,697983219.4008062,1.0
2023-10-01 00:00:00+00:00,ETHUSDT,1369,334764269.2037635,2.0
2023-10-01 00:00:00+00:00,XRPUSDT,1369,126090157.27225,3.0
2023-10-01 00:00:00+00:00,BNBUSDT,1369,64171467.9746,4.0
2023-10-01 00:00:00+00:00,SOLUSDT,1146,47906924.3054,5.0
2023-10-01 00:00:00+00:00,LTCUSDT,1369,28707019.16451,6.0
2023-10-01 00:00:00+00:00,TRBUSDT,1128,26325593.19255,7.0
2023-10-01 00:00:00+00:00,DOGEUSDT,1369,23843331.334535003,8.0
2023-10-01 00:00:00+00:00,ARBUSDT,192,23737139.0836,9.0
2023-10-01 00:00:00+00:00,LINKUSDT,1369,21373104.010964997,10.0
2023-10-01 00:00:00+00:00,BCHUSDT,1369,21216420.2373,11.0
2023-10-01 00:00:00+00:00,TRXUSDT,1369,16135290.329295,12.0
2023-10-01 00:00:00+00:00,OPUSDT,487,15386743.46853,13.0
2023-10-01 00:00:00+00:00,RUNEUSDT,1122,13099748.114149999,14.0
2023-10-01 00:00:00+00:00,SUIUSDT,151,13075374.393765,15.0
2023-10-01 00:00:00+00:00,ADAUSDT,1369,12304146.629355,16.0
2023-10-01 00:00:00+00:00,SHIBUSDT,874,11777321.953122824,17.0
2023-10-01 00:00:00+00:00,FTTUSDT,1369,11203949.790824499,18.0
2023-10-01 00:00:00+00:00,STORJUSDT,1158,10620643.922699999,19.0
2023-10-01 00:00:00+00:00,AVAXUSDT,1104,8972126.17315,20.0
2023-10-01 00:00:00+00:00,APEUSDT,563,8930934.52744,21.0
2023-10-01 00:00:00+00:00,DOTUSDT,1139,8682203.73062,22.0
2023-10-01 00:00:00+00:00,PEPEUSDT,149,8522088.117801584,23.0
2023-10-01 00:00:00+00:00,APTUSDT,347,8148282.4240125,24.0
2023-10-01 00:00:00+00:00,FILUSDT,1081,8104002.365345,25.0
2023-11-01 00:00:00+00:00,BTCUSDT,1400,892394079.7574595,1.0
2023-11-01 00:00:00+00:00,ETHUSDT,1400,372436851.7305725,2.0
2023-11-01 00:00:00+00:00,XRPUSDT,1400,128281014.9867,3.0
2023-11-01 00:00:00+00:00,SOLUSDT,1177,110108580.26235,4.0
2023-11-01 00:00:00+00:00,BNBUSDT,1400,74951647.60715,5.0
2023-11-01 00:00:00+00:00,LINKUSDT,1400,37971396.78224,6.0
2023-11-01 00:00:00+00:00,ARBUSDT,223,26685197.814845,7.0
2023-11-01 00:00:00+00:00,RUNEUSDT,1153,25804731.97275,8.0
2023-11-01 00:00:00+00:00,LTCUSDT,1400,22993854.903715,9.0
2023-11-01 00:00:00+00:00,AVAXUSDT,1135,22837808.5444,10.0
2023-11-01 00:00:00+00:00,TRBUSDT,1159,22651285.69155,11.0
2023-11-01 00:00:00+00:00,DOGEUSDT,1400,21799678.750935,12.0
2023-11-01 00:00:00+00:00,TRXUSDT,1400,21483018.7740875,13.0
2023-11-01 00:00:00+00:00,BCHUSDT,1400,20219027.31715,14.0
2023-11-01 00:00:00+00:00,OPUSDT,518,17280113.70159,15.0
2023-11-01 00:00:00+00:00,WLDUSDT,100,16452947.466,16.0
2023-11-01 00:00:00+00:00,ADAUSDT,1400,15704323.564705,17.0
2023-11-01 00:00:00+00:00,SUIUSDT,182,15546107.91392,18.0
2023-11-01 00:00:00+00:00,STRAXUSDT,1078,14585326.173950002,19.0
2023-11-01 00:00:00+00:00,SHIBUSDT,905,12988168.02284809,20.0
2023-11-01 00:00:00+00:00,APTUSDT,378,11362634.146945,21.0
2023-11-01 00:00:00+00:00,DOTUSDT,1170,11247344.501249999,22.0
2023-11-01 00:00:00+00:00,LQTYUSDT,246,10824395.7007,23.0
2023-11-01 00:00:00+00:00,GALAUSDT,779,9928745.812515,24.0
2023-11-01 00:00:00+00:00,APEUSDT,594,9358692.546215,25.0
2023-12-01 00:00:00+00:00,BTCUSDT,1430,1298154574.0245326,1.0
2023-12-01 00:00:00+00:00,ETHUSDT,1430,667597728.2528245,2.0
2023-12-01 00:00:00+00:00,SOLUSDT,1207,422072856.9694,3.0
2023-12-01 00:00:00+00:00,XRPUSDT,1430,211346440.59335,4.0
2023-12-01 00:00:00+00:00,BNBUSDT,1430,176213182.81419998,5.0
2023-12-01 00:00:00+00:00,DOGEUSDT,1430,132776903.818285,6.0
2023-12-01 00:00:00+00:00,LINKUSDT,1430,117789083.3385,7.0
2023-12-01 00:00:00+00:00,RUNEUSDT,1183,95798491.06439999,8.0
2023-12-01 00:00:00+00:00,AVAXUSDT,1165,78081114.27605,9.0
2023-12-01 00:00:00+00:00,FTTUSDT,1430,74774433.4967875,10.0
2023-12-01 00:00:00+00:00,GASUSDT,259,67964237.27045,11.0
2023-12-01 00:00:00+00:00,ARBUSDT,253,59515694.942175,12.0
2023-12-01 00:00:00+00:00,DYDXUSDT,813,45541067.651785,13.0
2023-12-01 00:00:00+00:00,GALAUSDT,809,44089001.031445,14.0
2023-12-01 00:00:00+00:00,ADAUSDT,1430,43576619.78335,15.0
2023-12-01 00:00:00+00:00,WLDUSDT,130,40789507.266650006,16.0
2023-12-01 00:00:00+00:00,NEARUSDT,1143,40399546.252399996,17.0
2023-12-01 00:00:00+00:00,SUIUSDT,212,38847224.58367,18.0
2023-12-01 00:00:00+00:00,CAKEUSDT,1015,37959963.79831,19.0
2023-12-01 00:00:00+00:00,LTCUSDT,1430,37558569.75729,20.0
2023-12-01 00:00:00+00:00,DOTUSDT,1200,35072244.450124994,21.0
2023-12-01 00:00:00+00:00,SEIUSDT,108,34570780.24889,22.0
2023-12-01 00:00:00+00:00,FETUSDT,1430,34336981.3302,23.0
2023-12-01 00:00:00+00:00,ATOMUSDT,1430,32083679.469255,24.0
2023-12-01 00:00:00+00:00,OPUSDT,548,30977993.676145002,25.0
2024-01-01 00:00:00+00:00,BTCUSDT,1461,1534306454.6200278,1.0
2024-01-01 00:00:00+00:00,ETHUSDT,1461,870451380.272859,2.0
2024-01-01 00:00:00+00:00,SOLUSDT,1238,667384034.5558,3.0
2024-01-01 00:00:00+00:00,XRPUSDT,1461,228253438.9475,4.0
2024-01-01 00:00:00+00:00,AVAXUSDT,1196,220587923.79045,5.0
2024-01-01 00:00:00+00:00,BNBUSDT,1461,203965512.1013,6.0
2024-01-01 00:00:00+00:00,ADAUSDT,1461,118650431.015975,7.0
2024-01-01 00:00:00+00:00,DOGEUSDT,1461,114803631.011935,8.0
2024-01-01 00:00:00+00:00,OPUSDT,579,110038681.534365,9.0
2024-01-01 00:00:00+00:00,ARBUSDT,284,103359740.79916,10.0
2024-01-01 00:00:00+00:00,LINKUSDT,1461,103193856.94301,11.0
2024-01-01 00:00:00+00:00,INJUSDT,1167,91002068.71419999,12.0
2024-01-01 00:00:00+00:00,DOTUSDT,1231,75653276.830295,13.0
2024-01-01 00:00:00+00:00,NEARUSDT,1174,74240275.88080001,14.0
2024-01-01 00:00:00+00:00,RUNEUSDT,1214,73819836.64275,15.0
2024-01-01 00:00:00+00:00,SEIUSDT,139,64448243.824729994,16.0
2024-01-01 00:00:00+00:00,LUNCUSDT,479,54888055.06852563,17.0
2024-01-01 00:00:00+00:00,DYDXUSDT,844,53340490.320625,18.0
2024-01-01 00:00:00+00:00,SHIBUSDT,966,52598886.45147586,19.0
2024-01-01 00:00:00+00:00,FILUSDT,1173,52311388.48019,20.0
2024-01-01 00:00:00+00:00,FTTUSDT,1461,51968962.140421,21.0
2024-01-01 00:00:00+00:00,ATOMUSDT,1461,50728702.2755,22.0
2024-01-01 00:00:00+00:00,SUIUSDT,243,44846896.23201,23.0
2024-01-01 00:00:00+00:00,ICPUSDT,965,40979174.482125,24.0
2024-01-01 00:00:00+00:00,LTCUSDT,1461,40065995.31106,25.0
2024-02-01 00:00:00+00:00,BTCUSDT,1492,1779204726.1858408,1.0
2024-02-01 00:00:00+00:00,ETHUSDT,1492,926970387.3191559,2.0
2024-02-01 00:00:00+00:00,SOLUSDT,1269,596036676.63715,3.0
2024-02-01 00:00:00+00:00,BNBUSDT,1492,277864178.88915,4.0
2024-02-01 00:00:00+00:00,XRPUSDT,1492,173439057.80470002,5.0
2024-02-01 00:00:00+00:00,ARBUSDT,315,162470935.26257,6.0
2024-02-01 00:00:00+00:00,SEIUSDT,170,133777128.66600999,7.0
2024-02-01 00:00:00+00:00,SUIUSDT,274,111236579.76551,8.0
2024-02-01 00:00:00+00:00,AVAXUSDT,1227,99530369.74685,9.0
2024-02-01 00:00:00+00:00,TIAUSDT,93,94267702.43283999,10.0
2024-02-01 00:00:00+00:00,LINKUSDT,1492,85943890.080695,11.0
2024-02-01 00:00:00+00:00,OPUSDT,610,80915030.71029,12.0
2024-02-01 00:00:00+00:00,DOGEUSDT,1492,77200818.16389,13.0
2024-02-01 00:00:00+00:00,INJUSDT,1198,70684235.8725,14.0
2024-02-01 00:00:00+00:00,ADAUSDT,1492,60153019.639534995,15.0
2024-02-01 00:00:00+00:00,RUNEUSDT,1245,57663276.3495,16.0
2024-02-01 00:00:00+00:00,NEARUSDT,1205,51491814.3759,17.0
2024-02-01 00:00:00+00:00,FILUSDT,1204,50275979.00037,18.0
2024-02-01 00:00:00+00:00,ETCUSDT,1492,44416286.127900004,19.0
2024-02-01 00:00:00+00:00,ICPUSDT,996,43726132.362320006,20.0
2024-02-01 00:00:00+00:00,ENSUSDT,813,42569036.9708,21.0
2024-02-01 00:00:00+00:00,LTCUSDT,1492,42423738.94618,22.0
2024-02-01 00:00:00+00:00,TRBUSDT,1251,40591259.6548,23.0
2024-02-01 00:00:00+00:00,TRXUSDT,1492,38495932.229761004,24.0
2024-02-01 00:00:00+00:00,DOTUSDT,1262,38327684.020610005,25.0
2024-03-01 00:00:00+00:00,BTCUSDT,1521,1635404576.9413495,1.0
2024-03-01 00:00:00+00:00,ETHUSDT,1521,1107179403.3071089,2.0
2024-03-01 00:00:00+00:00,SOLUSDT,1298,469831023.19515,3.0
2024-03-01 00:00:00+00:00,BNBUSDT,1521,205284847.31489998,4.0
2024-03-01 00:00:00+00:00,XRPUSDT,1521,198555430.3682,5.0
2024-03-01 00:00:00+00:00,LINKUSDT,1521,107206484.27097,6.0
2024-03-01 00:00:00+00:00,ARBUSDT,344,107126325.81763,7.0
2024-03-01 00:00:00+00:00,SUIUSDT,303,91520825.64811501,8.0
2024-03-01 00:00:00+00:00,AVAXUSDT,1256,86737453.63264999,9.0
2024-03-01 00:00:00+00:00,SEIUSDT,199,83236633.947245,10.0
2024-03-01 00:00:00+00:00,ADAUSDT,1521,81231434.549725,11.0
2024-03-01 00:00:00+00:00,ORDIUSDT,115,78168695.21509,12.0
2024-03-01 00:00:00+00:00,INJUSDT,1227,62782999.251499996,13.0
2024-03-01 00:00:00+00:00,OPUSDT,639,60578571.805795,14.0
2024-03-01 00:00:00+00:00,RUNEUSDT,1274,58488753.9305,15.0
2024-03-01 00:00:00+00:00,NEARUSDT,1234,55599209.1462,16.0
2024-03-01 00:00:00+00:00,DOGEUSDT,1521,54485249.779935,17.0
2024-03-01 00:00:00+00:00,TIAUSDT,122,49617015.691245005,18.0
2024-03-01 00:00:00+00:00,FILUSDT,1233,49232949.03675,19.0
2024-03-01 00:00:00+00:00,WLDUSDT,221,47780835.7384,20.0
2024-03-01 00:00:00+00:00,STXUSDT,1521,43579749.341085,21.0
2024-03-01 00:00:00+00:00,ETCUSDT,1521,40087166.19805,22.0
2024-03-01 00:00:00+00:00,DOTUSDT,1291,40020612.226229995,23.0
2024-03-01 00:00:00+00:00,TRXUSDT,1521,39034175.6612145,24.0
2024-03-01 00:00:00+00:00,ICPUSDT,1025,35088997.437189996,25.0
2024-04-01 00:00:00+00:00,BTCUSDT,1552,3549655591.119013,1.0
2024-04-01 00:00:00+00:00,ETHUSDT,1552,1939643569.4811969,2.0
2024-04-01 00:00:00+00:00,SOLUSDT,1329,1099023134.7007,3.0
2024-04-01 00:00:00+00:00,BNBUSDT,1552,707167241.26155,4.0
2024-04-01 00:00:00+00:00,DOGEUSDT,1552,594098818.2417,5.0
2024-04-01 00:00:00+00:00,PEPEUSDT,332,569389627.2838689,6.0
2024-04-01 00:00:00+00:00,SHIBUSDT,1057,479091172.70746934,7.0
2024-04-01 00:00:00+00:00,XRPUSDT,1552,399994146.29465,8.0
2024-04-01 00:00:00+00:00,FLOKIUSDT,332,267000395.42708242,9.0
2024-04-01 00:00:00+00:00,ARBUSDT,375,218429758.52197498,10.0
2024-04-01 00:00:00+00:00,AVAXUSDT,1287,211145753.5539,11.0
2024-04-01 00:00:00+00:00,NEARUSDT,1265,209296291.5506,12.0
2024-04-01 00:00:00+00:00,RUNEUSDT,1305,181312676.5008,13.0
2024-04-01 00:00:00+00:00,WLDUSDT,252,180116737.86875,14.0
2024-04-01 00:00:00+00:00,FETUSDT,1552,166871739.67115,15.0
2024-04-01 00:00:00+00:00,FILUSDT,1264,142787636.200355,16.0
2024-04-01 00:00:00+00:00,ORDIUSDT,146,134417929.922765,17.0
2024-04-01 00:00:00+00:00,ADAUSDT,1552,128493294.61776501,18.0
2024-04-01 00:00:00+00:00,SUIUSDT,334,127788288.512125,19.0
2024-04-01 00:00:00+00:00,BONKUSDT,108,114591943.11314283,20.0
2024-04-01 00:00:00+00:00,LTCUSDT,1552,112150786.24459499,21.0
2024-04-01 00:00:00+00:00,LINKUSDT,1552,109303540.663995,22.0
2024-04-01 00:00:00+00:00,DOTUSDT,1322,107680044.979205,23.0
2024-04-01 00:00:00+00:00,GALAUSDT,931,101818145.37311,24.0
2024-04-01 00:00:00+00:00,APTUSDT,530,97834874.7464235,25.0
2024-05-01 00:00:00+00:00,BTCUSDT,1582,2678649022.5113654,1.0
2024-05-01 00:00:00+00:00,ETHUSDT,1582,1303427428.669362,2.0
2024-05-01 00:00:00+00:00,SOLUSDT,1359,785053617.99632,3.0
2024-05-01 00:00:00+00:00,DOGEUSDT,1582,380319127.06412,4.0
2024-05-01 00:00:00+00:00,BNBUSDT,1582,342003781.0942,5.0
2024-05-01 00:00:00+00:00,PEPEUSDT,362,306546865.54019773,6.0
2024-05-01 00:00:00+00:00,XRPUSDT,1582,244541392.5018,7.0
2024-05-01 00:00:00+00:00,SHIBUSDT,1087,165214652.62985215,8.0
2024-05-01 00:00:00+00:00,NEARUSDT,1295,118774016.7541,9.0
2024-05-01 00:00:00+00:00,ORDIUSDT,176,118093150.974175,10.0
2024-05-01 00:00:00+00:00,RUNEUSDT,1335,102342758.82455,11.0
2024-05-01 00:00:00+00:00,AVAXUSDT,1317,90019315.43965,12.0
2024-05-01 00:00:00+00:00,ARBUSDT,405,85279332.46994999,13.0
2024-05-01 00:00:00+00:00,WLDUSDT,282,80811719.54675001,14.0
2024-05-01 00:00:00+00:00,LTCUSDT,1582,78817560.26104501,15.0
2024-05-01 00:00:00+00:00,BCHUSDT,1582,78134519.0711,16.0
2024-05-01 00:00:00+00:00,FETUSDT,1582,71652714.5794,17.0
2024-05-01 00:00:00+00:00,PENDLEUSDT,303,68967044.204825,18.0
2024-05-01 00:00:00+00:00,FLOKIUSDT,362,68942277.25099964,19.0
2024-05-01 00:00:00+00:00,ADAUSDT,1582,68051522.879035,20.0
2024-05-01 00:00:00+00:00,FILUSDT,1294,60092249.836145,21.0
2024-05-01 00:00:00+00:00,OPUSDT,700,57268747.631535,22.0
2024-05-01 00:00:00+00:00,SUIUSDT,364,54611455.776535004,23.0
2024-05-01 00:00:00+00:00,LINKUSDT,1582,53166111.12885,24.0
2024-05-01 00:00:00+00:00,APTUSDT,560,46592067.3027765,25.0
2024-06-01 00:00:00+00:00,BTCUSDT,1613,1854254482.5115762,1.0
2024-06-01 00:00:00+00:00,ETHUSDT,1613,1039104507.4954901,2.0
2024-06-01 00:00:00+00:00,SOLUSDT,1390,627582638.861285,3.0
2024-06-01 00:00:00+00:00,PEPEUSDT,393,506636259.68564534,4.0
2024-06-01 00:00:00+00:00,DOGEUSDT,1613,216426434.611945,5.0
2024-06-01 00:00:00+00:00,BNBUSDT,1613,167765411.3778,6.0
2024-06-01 00:00:00+00:00,XRPUSDT,1613,159728370.4741,7.0
2024-06-01 00:00:00+00:00,SHIBUSDT,1118,140232657.88041896,8.0
2024-06-01 00:00:00+00:00,BONKUSDT,169,115809686.35632512,9.0
2024-06-01 00:00:00+00:00,WLDUSDT,313,99476598.97029999,10.0
2024-06-01 00:00:00+00:00,NEARUSDT,1326,95055257.07655,11.0
2024-06-01 00:00:00+00:00,FLOKIUSDT,393,84060521.15464377,12.0
2024-06-01 00:00:00+00:00,RUNEUSDT,1366,83064622.54315001,13.0
2024-06-01 00:00:00+00:00,ARBUSDT,436,78268430.57042,14.0
2024-06-01 00:00:00+00:00,PEOPLEUSDT,891,68186327.5888195,15.0
2024-06-01 00:00:00+00:00,AVAXUSDT,1348,57500168.0903,16.0
2024-06-01 00:00:00+00:00,TRBUSDT,1372,54991825.2853,17.0
2024-06-01 00:00:00+00:00,FETUSDT,1613,54234462.908700004,18.0
2024-06-01 00:00:00+00:00,ORDIUSDT,207,52098649.9493,19.0
2024-06-01 00:00:00+00:00,LINKUSDT,1613,51063743.770035,20.0
2024-06-01 00:00:00+00:00,JTOUSDT,177,46686990.10748,21.0
2024-06-01 00:00:00+00:00,ARUSDT,1114,46130177.963365,22.0
2024-06-01 00:00:00+00:00,OPUSDT,731,44112082.416515,23.0
2024-06-01 00:00:00+00:00,ADAUSDT,1613,39115694.947945,24.0
2024-06-01 00:00:00+00:00,SUIUSDT,395,38825564.1331,25.0
2024-07-01 00:00:00+00:00,BTCUSDT,1643,1535669845.5904663,1.0
2024-07-01 00:00:00+00:00,ETHUSDT,1643,876055033.9394851,2.0
2024-07-01 00:00:00+00:00,SOLUSDT,1420,389083506.660485,3.0
2024-07-01 00:00:00+00:00,PEPEUSDT,423,346703902.64691484,4.0
2024-07-01 00:00:00+00:00,WIFUSDT,118,154106854.8910795,5.0
2024-07-01 00:00:00+00:00,BNBUSDT,1643,145158352.49265,6.0
2024-07-01 00:00:00+00:00,XRPUSDT,1643,125154517.60084999,7.0
2024-07-01 00:00:00+00:00,PEOPLEUSDT,921,114031765.6051695,8.0
2024-07-01 00:00:00+00:00,DOGEUSDT,1643,96943726.79049,9.0
2024-07-01 00:00:00+00:00,FLOKIUSDT,423,89400836.56087914,10.0
2024-07-01 00:00:00+00:00,ORDIUSDT,237,77126529.2384,11.0
2024-07-01 00:00:00+00:00,BOMEUSDT,107,66788317.620683506,12.0
2024-07-01 00:00:00+00:00,BONKUSDT,199,65262602.913482666,13.0
2024-07-01 00:00:00+00:00,SHIBUSDT,1148,53054438.01388055,14.0
2024-07-01 00:00:00+00:00,WLDUSDT,343,49816418.15945,15.0
2024-07-01 00:00:00+00:00,AVAXUSDT,1378,46869861.17225,16.0
2024-07-01 00:00:00+00:00,ARBUSDT,466,45919784.344799995,17.0
2024-07-01 00:00:00+00:00,NEARUSDT,1356,45723812.9157,18.0
2024-07-01 00:00:00+00:00,ENAUSDT,90,43632106.28634,19.0
2024-07-01 00:00:00+00:00,FETUSDT,1643,43196460.3517,20.0
2024-07-01 00:00:00+00:00,JASMYUSDT,952,43159120.16503835,21.0
2024-07-01 00:00:00+00:00,ETHFIUSDT,105,43004029.788849995,22.0
2024-07-01 00:00:00+00:00,RUNEUSDT,1396,38090613.04145,23.0
2024-07-01 00:00:00+00:00,INJUSDT,1349,31522812.593500003,24.0
2024-07-01 00:00:00+00:00,ADAUSDT,1643,31507027.22236,25.0
2024-08-01 00:00:00+00:00,BTCUSDT,1674,1562811023.227404,1.0
2024-08-01 00:00:00+00:00,ETHUSDT,1674,841897715.048885,2.0
2024-08-01 00:00:00+00:00,SOLUSDT,1451,548378504.39663,3.0
2024-08-01 00:00:00+00:00,PEPEUSDT,454,261443417.25170416,4.0
2024-08-01 00:00:00+00:00,XRPUSDT,1674,204119055.6119,5.0
2024-08-01 00:00:00+00:00,WIFUSDT,149,165796306.46803802,6.0
2024-08-01 00:00:00+00:00,BNBUSDT,1674,115258440.37725,7.0
2024-08-01 00:00:00+00:00,DOGEUSDT,1674,93046982.96895501,8.0
2024-08-01 00:00:00+00:00,1000SATSUSDT,233,81686886.9528482,9.0
2024-08-01 00:00:00+00:00,BONKUSDT,230,74172632.74834806,10.0
2024-08-01 00:00:00+00:00,FLOKIUSDT,454,60434389.318350315,11.0
2024-08-01 00:00:00+00:00,BOMEUSDT,138,57365232.3531115,12.0
2024-08-01 00:00:00+00:00,WLDUSDT,374,56156908.5803,13.0
2024-08-01 00:00:00+00:00,AVAXUSDT,1409,55661235.58895,14.0
2024-08-01 00:00:00+00:00,SHIBUSDT,1179,54539887.02873623,15.0
2024-08-01 00:00:00+00:00,PEOPLEUSDT,952,51466675.553195,16.0
2024-08-01 00:00:00+00:00,RUNEUSDT,1427,44285762.5747,17.0
2024-08-01 00:00:00+00:00,NEARUSDT,1387,43646101.0424,18.0
2024-08-01 00:00:00+00:00,ORDIUSDT,268,41310371.62725,19.0
2024-08-01 00:00:00+00:00,ARBUSDT,497,37508895.2193,20.0
2024-08-01 00:00:00+00:00,ADAUSDT,1674,35434379.545865,21.0
2024-08-01 00:00:00+00:00,FETUSDT,1674,34580113.482999995,22.0
2024-08-01 00:00:00+00:00,ETHFIUSDT,136,34165496.10775,23.0
2024-08-01 00:00:00+00:00,TRXUSDT,1674,31168537.7536925,24.0
2024-08-01 00:00:00+00:00,LINKUSDT,1674,30567406.64988,25.0
2024-09-01 00:00:00+00:00,BTCUSDT,1705,1693996909.3009598,1.0
2024-09-01 00:00:00+00:00,ETHUSDT,1705,858951165.5689645,2.0
2024-09-01 00:00:00+00:00,SOLUSDT,1482,558602641.87978,3.0
2024-09-01 00:00:00+00:00,PEPEUSDT,485,237975294.9102164,4.0
2024-09-01 00:00:00+00:00,WIFUSDT,180,152044484.24651498,5.0
2024-09-01 00:00:00+00:00,XRPUSDT,1705,149262441.541,6.0
2024-09-01 00:00:00+00:00,BNBUSDT,1705,137662449.3132,7.0
2024-09-01 00:00:00+00:00,1000SATSUSDT,264,96687526.59386864,8.0
2024-09-01 00:00:00+00:00,DOGEUSDT,1705,62797460.20205,9.0
2024-09-01 00:00:00+00:00,SUIUSDT,487,61066274.615465,10.0
2024-09-01 00:00:00+00:00,NOTUSDT,108,60681887.56646,11.0
2024-09-01 00:00:00+00:00,FLOKIUSDT,485,51269534.2374703,12.0
2024-09-01 00:00:00+00:00,TRXUSDT,1705,49980495.413835004,13.0
2024-09-01 00:00:00+00:00,BOMEUSDT,169,49904552.675189,14.0
2024-09-01 00:00:00+00:00,AVAXUSDT,1440,44926165.359400004,15.0
2024-09-01 00:00:00+00:00,FETUSDT,1705,43650116.10465,16.0
2024-09-01 00:00:00+00:00,RUNEUSDT,1458,43622178.636250004,17.0
2024-09-01 00:00:00+00:00,NEARUSDT,1418,39015223.1911,18.0
2024-09-01 00:00:00+00:00,AAVEUSDT,1417,37191308.42002,19.0
2024-09-01 00:00:00+00:00,ORDIUSDT,299,35991248.08675,20.0
2024-09-01 00:00:00+00:00,SHIBUSDT,1210,33821705.17959621,21.0
2024-09-01 00:00:00+00:00,PEOPLEUSDT,983,32053269.8748285,22.0
2024-09-01 00:00:00+00:00,CRVUSDT,1478,31358385.415705,23.0
2024-09-01 00:00:00+00:00,ARBUSDT,528,31297084.97371,24.0
2024-09-01 00:00:00+00:00,WLDUSDT,405,29543283.0997,25.0
2024-10-01 00:00:00+00:00,BTCUSDT,1735,1501867688.6121593,1.0
2024-10-01 00:00:00+00:00,ETHUSDT,1735,647580961.3945765,2.0
2024-10-01 00:00:00+00:00,SOLUSDT,1512,378929661.37288,3.0
2024-10-01 00:00:00+00:00,PEPEUSDT,515,150188282.2959689,4.0
2024-10-01 00:00:00+00:00,BNBUSDT,1735,126360583.9866,5.0
2024-10-01 00:00:00+00:00,SUIUSDT,517,122528068.66512999,6.0
2024-10-01 00:00:00+00:00,WIFUSDT,210,114941669.14057,7.0
2024-10-01 00:00:00+00:00,XRPUSDT,1735,111767799.93270001,8.0
2024-10-01 00:00:00+00:00,FETUSDT,1735,75927708.42765,9.0
2024-10-01 00:00:00+00:00,1000SATSUSDT,294,68765045.67792575,10.0
2024-10-01 00:00:00+00:00,DOGEUSDT,1735,60478045.44951,11.0
2024-10-01 00:00:00+00:00,NEARUSDT,1448,43414154.169149995,12.0
2024-10-01 00:00:00+00:00,TRXUSDT,1735,39410316.50249,13.0
2024-10-01 00:00:00+00:00,ORDIUSDT,329,39274412.720750004,14.0
2024-10-01 00:00:00+00:00,AVAXUSDT,1470,39031208.55185,15.0
2024-10-01 00:00:00+00:00,AAVEUSDT,1447,38288552.28324,16.0
2024-10-01 00:00:00+00:00,PEOPLEUSDT,1013,38019847.139061496,17.0
2024-10-01 00:00:00+00:00,RUNEUSDT,1488,36113402.543249995,18.0
2024-10-01 00:00:00+00:00,BOMEUSDT,199,35423054.621745005,19.0
2024-10-01 00:00:00+00:00,FLOKIUSDT,515,34480093.78821543,20.0
2024-10-01 00:00:00+00:00,NOTUSDT,138,34012169.631952,21.0
2024-10-01 00:00:00+00:00,SEIUSDT,413,33402160.514645,22.0
2024-10-01 00:00:00+00:00,TAOUSDT,173,31962164.205530003,23.0
2024-10-01 00:00:00+00:00,SAGAUSDT,175,29422826.78907,24.0
2024-10-01 00:00:00+00:00,TIAUSDT,336,28883590.829690002,25.0
2024-11-01 00:00:00+00:00,BTCUSDT,1766,1618544686.6933188,1.0
2024-11-01 00:00:00+00:00,ETHUSDT,1766,696184362.8650845,2.0
2024-11-01 00:00:00+00:00,SOLUSDT,1543,478610039.06048,3.0
2024-11-01 00:00:00+00:00,PEPEUSDT,546,221798220.36631668,4.0
2024-11-01 00:00:00+00:00,SUIUSDT,548,181164557.604275,5.0
2024-11-01 00:00:00+00:00,DOGEUSDT,1766,162747066.549035,6.0
2024-11-01 00:00:00+00:00,WIFUSDT,241,158709848.80575,7.0
2024-11-01 00:00:00+00:00,BNBUSDT,1766,114239780.7856,8.0
2024-11-01 00:00:00+00:00,XRPUSDT,1766,108237102.55579999,9.0
2024-11-01 00:00:00+00:00,SHIBUSDT,1271,62732693.42748688,10.0
2024-11-01 00:00:00+00:00,WLDUSDT,466,61643780.260749996,11.0
2024-11-01 00:00:00+00:00,BOMEUSDT,230,58135486.541757,12.0
2024-11-01 00:00:00+00:00,TAOUSDT,204,56241115.329394996,13.0
2024-11-01 00:00:00+00:00,APTUSDT,744,51287742.804299995,14.0
2024-11-01 00:00:00+00:00,RUNEUSDT,1519,50881403.945099995,15.0
2024-11-01 00:00:00+00:00,SEIUSDT,444,48368735.854985,16.0
2024-11-01 00:00:00+00:00,FETUSDT,1766,47571254.447050005,17.0
2024-11-01 00:00:00+00:00,ENAUSDT,213,45667434.1257665,18.0
2024-11-01 00:00:00+00:00,PEOPLEUSDT,1044,42009758.943084,19.0
2024-11-01 00:00:00+00:00,FLOKIUSDT,546,39960481.40591735,20.0
2024-11-01 00:00:00+00:00,NEARUSDT,1479,39719820.02765,21.0
2024-11-01 00:00:00+00:00,SAGAUSDT,206,39621598.22945,22.0
2024-11-01 00:00:00+00:00,AVAXUSDT,1501,39520871.65185,23.0
2024-11-01 00:00:00+00:00,BONKUSDT,322,37348439.402354896,24.0
2024-11-01 00:00:00+00:00,TIAUSDT,367,36027447.66041,25.0
2024-12-01 00:00:00+00:00,BTCUSDT,1796,3643077586.79476,1.0
2024-12-01 00:00:00+00:00,ETHUSDT,1796,1879474700.4905338,2.0
2024-12-01 00:00:00+00:00,DOGEUSDT,1796,1461191746.43497,3.0
2024-12-01 00:00:00+00:00,SOLUSDT,1573,1133400102.5436049,4.0
2024-12-01 00:00:00+00:00,XRPUSDT,1796,845442822.70645,5.0
2024-12-01 00:00:00+00:00,PEPEUSDT,576,586604455.6178772,6.0
2024-12-01 00:00:00+00:00,BNBUSDT,1796,369536208.637005,7.0
2024-12-01 00:00:00+00:00,ADAUSDT,1796,349487223.34008,8.0
2024-12-01 00:00:00+00:00,SUIUSDT,578,311724610.24903,9.0
2024-12-01 00:00:00+00:00,SHIBUSDT,1301,221266760.97693574,10.0
2024-12-01 00:00:00+00:00,WIFUSDT,271,209631550.23858,11.0
2024-12-01 00:00:00+00:00,BONKUSDT,352,151556359.36246368,12.0
2024-12-01 00:00:00+00:00,AVAXUSDT,1531,130260678.23345,13.0
2024-12-01 00:00:00+00:00,WLDUSDT,496,123004724.689,14.0
2024-12-01 00:00:00+00:00,NEARUSDT,1509,117903136.3919,15.0
2024-12-01 00:00:00+00:00,ARBUSDT,619,108386576.66345501,16.0
2024-12-01 00:00:00+00:00,XLMUSDT,1796,102378877.23359999,17.0
2024-12-01 00:00:00+00:00,ENAUSDT,243,98442138.54569149,18.0
2024-12-01 00:00:00+00:00,FLOKIUSDT,576,95633224.80052796,19.0
2024-12-01 00:00:00+00:00,DOTUSDT,1566,95087054.117495,20.0
2024-12-01 00:00:00+00:00,FETUSDT,1796,94155470.64005,21.0
2024-12-01 00:00:00+00:00,TRXUSDT,1796,93621007.06634,22.0
2024-12-01 00:00:00+00:00,APTUSDT,774,87549063.92005,23.0
2024-12-01 00:00:00+00:00,BOMEUSDT,260,87320892.86993101,24.0
2024-12-01 00:00:00+00:00,LTCUSDT,1796,85151030.155715,25.0
2025-01-01 00:00:00+00:00,BTCUSDT,1827,2761294321.8178244,1.0
2025-01-01 00:00:00+00:00,ETHUSDT,1827,1627265152.7854176,2.0
2025-01-01 00:00:00+00:00,XRPUSDT,1827,1222195550.63665,3.0
2025-01-01 00:00:00+00:00,DOGEUSDT,1827,867645726.532635,4.0
2025-01-01 00:00:00+00:00,SOLUSDT,1604,798507426.2273049,5.0
2025-01-01 00:00:00+00:00,PEPEUSDT,607,565627089.3978305,6.0
2025-01-01 00:00:00+00:00,BNBUSDT,1827,359920653.03564,7.0
2025-01-01 00:00:00+00:00,SUIUSDT,609,337027083.100025,8.0
2025-01-01 00:00:00+00:00,TRXUSDT,1827,277263483.62645,9.0
2025-01-01 00:00:00+00:00,ADAUSDT,1827,255652428.80122,10.0
2025-01-01 00:00:00+00:00,LINKUSDT,1827,221686854.32095,11.0
2025-01-01 00:00:00+00:00,HBARUSDT,1827,218957470.5675,12.0
2025-01-01 00:00:00+00:00,ENAUSDT,274,154676482.70363498,13.0
2025-01-01 00:00:00+00:00,AVAXUSDT,1562,131260962.18349999,14.0
2025-01-01 00:00:00+00:00,SHIBUSDT,1332,127897397.44622505,15.0
2025-01-01 00:00:00+00:00,WIFUSDT,302,124369849.13874501,16.0
2025-01-01 00:00:00+00:00,AAVEUSDT,1539,120096223.87976,17.0
2025-01-01 00:00:00+00:00,NEIROUSDT,107,117302448.13247101,18.0
2025-01-01 00:00:00+00:00,UNIUSDT,1567,116616973.659915,19.0
2025-01-01 00:00:00+00:00,WLDUSDT,527,116002199.72729999,20.0
2025-01-01 00:00:00+00:00,LTCUSDT,1827,115374513.171005,21.0
2025-01-01 00:00:00+00:00,CRVUSDT,1600,106954316.14906001,22.0
2025-01-01 00:00:00+00:00,DOTUSDT,1597,104090150.71944,23.0
2025-01-01 00:00:00+00:00,XLMUSDT,1827,95339927.955,24.0
2025-01-01 00:00:00+00:00,FLOKIUSDT,607,91643875.87562117,25.0
2025-02-01 00:00:00+00:00,BTCUSDT,1858,2531041904.0783343,1.0
2025-02-01 00:00:00+00:00,ETHUSDT,1858,1501159944.6814756,2.0
2025-02-01 00:00:00+00:00,XRPUSDT,1858,863112786.25045,3.0
2025-02-01 00:00:00+00:00,SOLUSDT,1635,809725648.88375,4.0
2025-02-01 00:00:00+00:00,DOGEUSDT,1858,547630214.56962,5.0
2025-02-01 00:00:00+00:00,SUIUSDT,640,300170240.386805,6.0
2025-02-01 00:00:00+00:00,PEPEUSDT,638,293342070.74701,7.0
2025-02-01 00:00:00+00:00,ADAUSDT,1858,195828940.54396498,8.0
2025-02-01 00:00:00+00:00,BNBUSDT,1858,195408510.00949,9.0
2025-02-01 00:00:00+00:00,ENAUSDT,305,161940051.31315,10.0
2025-02-01 00:00:00+00:00,TRXUSDT,1858,159223148.26334,11.0
2025-02-01 00:00:00+00:00,LINKUSDT,1858,130708783.22694999,12.0
2025-02-01 00:00:00+00:00,HBARUSDT,1858,122525176.350065,13.0
2025-02-01 00:00:00+00:00,WIFUSDT,333,106294433.194825,14.0
2025-02-01 00:00:00+00:00,WLDUSDT,558,102712798.8509,15.0
2025-02-01 00:00:00+00:00,XLMUSDT,1858,82175811.41749999,16.0
2025-02-01 00:00:00+00:00,LTCUSDT,1858,77391164.99423,17.0
2025-02-01 00:00:00+00:00,AVAXUSDT,1593,77006848.2482,18.0
2025-02-01 00:00:00+00:00,TAOUSDT,296,74432022.692325,19.0
2025-02-01 00:00:00+00:00,AAVEUSDT,1570,67518519.06661,20.0
2025-02-01 00:00:00+00:00,RUNEUSDT,1611,67157291.40055001,21.0
2025-02-01 00:00:00+00:00,SHIBUSDT,1363,64729195.05627424,22.0
2025-02-01 00:00:00+00:00,FETUSDT,1858,62585373.361949995,23.0
2025-02-01 00:00:00+00:00,NEIROUSDT,138,61332741.81877683,24.0
2025-02-01 00:00:00+00:00,UNIUSDT,1598,54346028.881015,25.0
2025-03-01 00:00:00+00:00,BTCUSDT,1886,2131053703.202323,1.0
2025-03-01 00:00:00+00:00,ETHUSDT,1886,1660795284.275922,2.0
2025-03-01 00:00:00+00:00,SOLUSDT,1663,726139180.447715,3.0
2025-03-01 00:00:00+00:00,XRPUSDT,1886,559215386.29305,4.0
2025-03-01 00:00:00+00:00,DOGEUSDT,1886,271919031.229975,5.0
2025-03-01 00:00:00+00:00,SUIUSDT,668,265987800.632805,6.0
2025-03-01 00:00:00+00:00,BNBUSDT,1886,229184606.0144,7.0
2025-03-01 00:00:00+00:00,PEPEUSDT,666,185211350.47949034,8.0
2025-03-01 00:00:00+00:00,LTCUSDT,1886,179378183.010455,9.0
2025-03-01 00:00:00+00:00,TRXUSDT,1886,122594778.794005,10.0
2025-03-01 00:00:00+00:00,ADAUSDT,1886,121725932.47185999,11.0
2025-03-01 00:00:00+00:00,ENAUSDT,333,87261933.15125799,12.0
2025-03-01 00:00:00+00:00,LINKUSDT,1886,82286122.37325001,13.0
2025-03-01 00:00:00+00:00,WIFUSDT,361,81383855.13414499,14.0
2025-03-01 00:00:00+00:00,RUNEUSDT,1639,72399463.7739,15.0
2025-03-01 00:00:00+00:00,HBARUSDT,1886,67830666.60181001,16.0
2025-03-01 00:00:00+00:00,TAOUSDT,324,67021984.048429996,17.0
2025-03-01 00:00:00+00:00,APTUSDT,864,61266379.4059,18.0
2025-03-01 00:00:00+00:00,AVAXUSDT,1621,54573326.3769,19.0
2025-03-01 00:00:00+00:00,AAVEUSDT,1598,52484790.1686,20.0
2025-03-01 00:00:00+00:00,WLDUSDT,586,52218171.4156,21.0
2025-03-01 00:00:00+00:00,PNUTUSDT,110,47995568.789845005,22.0
2025-03-01 00:00:00+00:00,CAKEUSDT,1471,44034688.96109,23.0
2025-03-01 00:00:00+00:00,NEARUSDT,1599,42368544.867850006,24.0
2025-03-01 00:00:00+00:00,LDOUSDT,1027,41596922.808355,25.0
2025-04-01 00:00:00+00:00,BTCUSDT,1917,2076562125.6763864,1.0
2025-04-01 00:00:00+00:00,ETHUSDT,1917,888606889.2385299,2.0
2025-04-01 00:00:00+00:00,SOLUSDT,1694,468286744.13913,3.0
2025-04-01 00:00:00+00:00,XRPUSDT,1917,464127377.4732,4.0
2025-04-01 00:00:00+00:00,BNBUSDT,1917,183131228.64333,5.0
2025-04-01 00:00:00+00:00,DOGEUSDT,1917,176639223.45038497,6.0
2025-04-01 00:00:00+00:00,PEPEUSDT,697,172189569.78538746,7.0
2025-04-01 00:00:00+00:00,SUIUSDT,699,134535399.123525,8.0
2025-04-01 00:00:00+00:00,ADAUSDT,1917,134182194.29524499,9.0
2025-04-01 00:00:00+00:00,TRXUSDT,1917,99811027.95331,10.0
2025-04-01 00:00:00+00:00,ENAUSDT,364,61201508.385753006,11.0
2025-04-01 00:00:00+00:00,LTCUSDT,1917,58489245.590695,12.0
2025-04-01 00:00:00+00:00,PNUTUSDT,141,51073470.28657,13.0
2025-04-01 00:00:00+00:00,LINKUSDT,1917,50070285.42035,14.0
2025-04-01 00:00:00+00:00,AVAXUSDT,1652,49090974.48639999,15.0
2025-04-01 00:00:00+00:00,WIFUSDT,392,47522143.574300006,16.0
2025-04-01 00:00:00+00:00,HBARUSDT,1917,43820853.48791,17.0
2025-04-01 00:00:00+00:00,AUCTIONUSDT,1250,33727779.29455,18.0
2025-04-01 00:00:00+00:00,NEARUSDT,1630,33208045.38555,19.0
2025-04-01 00:00:00+00:00,AAVEUSDT,1629,32584583.04372,20.0
2025-04-01 00:00:00+00:00,RUNEUSDT,1670,31259324.57925,21.0
2025-04-01 00:00:00+00:00,CAKEUSDT,1502,30717894.886425,22.0
2025-04-01 00:00:00+00:00,TAOUSDT,355,29266163.01844,23.0
2025-04-01 00:00:00+00:00,WLDUSDT,617,27143277.8442,24.0
2025-04-01 00:00:00+00:00,DOTUSDT,1687,26333791.33759,25.0
2025-05-01 00:00:00+00:00,BTCUSDT,1947,2089319685.9972136,1.0
2025-05-01 00:00:00+00:00,ETHUSDT,1947,921906678.0659455,2.0
2025-05-01 00:00:00+00:00,SOLUSDT,1724,537101098.616045,3.0
2025-05-01 00:00:00+00:00,XRPUSDT,1947,382676775.56234,4.0
2025-05-01 00:00:00+00:00,SUIUSDT,729,203947899.60829502,5.0
2025-05-01 00:00:00+00:00,PEPEUSDT,727,147078045.57400194,6.0
2025-05-01 00:00:00+00:00,DOGEUSDT,1947,142652173.76218998,7.0
2025-05-01 00:00:00+00:00,BNBUSDT,1947,109202424.66075501,8.0
2025-05-01 00:00:00+00:00,TRXUSDT,1947,103662357.9871,9.0
2025-05-01 00:00:00+00:00,TRUMPUSDT,102,85747091.06606,10.0
2025-05-01 00:00:00+00:00,ADAUSDT,1947,79836220.25789,11.0
2025-05-01 00:00:00+00:00,AVAXUSDT,1682,44759198.43305,12.0
2025-05-01 00:00:00+00:00,LINKUSDT,1947,39590621.7535,13.0
2025-05-01 00:00:00+00:00,ENAUSDT,394,38161217.1859295,14.0
2025-05-01 00:00:00+00:00,CRVUSDT,1720,36737927.88216,15.0
2025-05-01 00:00:00+00:00,SUSDT,105,36390238.368195,16.0
2025-05-01 00:00:00+00:00,LTCUSDT,1947,36099047.33585,17.0
2025-05-01 00:00:00+00:00,WIFUSDT,422,35773153.92729,18.0
2025-05-01 00:00:00+00:00,HBARUSDT,1947,33307533.48374,19.0
2025-05-01 00:00:00+00:00,TAOUSDT,385,32793308.13967,20.0
2025-05-01 00:00:00+00:00,NEARUSDT,1660,25810024.8853,21.0
2025-05-01 00:00:00+00:00,AAVEUSDT,1659,25423137.016154997,22.0
2025-05-01 00:00:00+00:00,FETUSDT,1947,21985580.92805,23.0
2025-05-01 00:00:00+00:00,WLDUSDT,647,21817153.38165,24.0
2025-05-01 00:00:00+00:00,BONKUSDT,503,20944033.722226225,25.0
2025-06-01 00:00:00+00:00,ETHUSDT,1978,1970002872.058022,1.0
2025-06-01 00:00:00+00:00,BTCUSDT,1978,1861782625.8708146,2.0
2025-06-01 00:00:00+00:00,SOLUSDT,1755,500311895.20788,3.0
2025-06-01 00:00:00+00:00,PEPEUSDT,758,365372969.9957102,4.0
2025-06-01 00:00:00+00:00,XRPUSDT,1978,299698760.65094,5.0
2025-06-01 00:00:00+00:00,SUIUSDT,760,264289865.03917,6.0
2025-06-01 00:00:00+00:00,DOGEUSDT,1978,244575956.069915,7.0
2025-06-01 00:00:00+00:00,TRUMPUSDT,133,154494687.14748,8.0
2025-06-01 00:00:00+00:00,BNBUSDT,1978,140313297.451505,9.0
2025-06-01 00:00:00+00:00,TRXUSDT,1978,116867134.06305,10.0
2025-06-01 00:00:00+00:00,ADAUSDT,1978,89231402.782105,11.0
2025-06-01 00:00:00+00:00,ENAUSDT,425,85408922.66403049,12.0
2025-06-01 00:00:00+00:00,WIFUSDT,453,80395105.20502,13.0
2025-06-01 00:00:00+00:00,NEIROUSDT,258,72929050.35093656,14.0
2025-06-01 00:00:00+00:00,LINKUSDT,1978,59061150.00495,15.0
2025-06-01 00:00:00+00:00,LTCUSDT,1978,57495940.79441,16.0
2025-06-01 00:00:00+00:00,PNUTUSDT,202,56336695.447524995,17.0
2025-06-01 00:00:00+00:00,AVAXUSDT,1713,53665186.2405,18.0
2025-06-01 00:00:00+00:00,WLDUSDT,678,50561683.674899995,19.0
2025-06-01 00:00:00+00:00,UNIUSDT,1718,47323381.546445,20.0
2025-06-01 00:00:00+00:00,AAVEUSDT,1690,47124288.430565,21.0
2025-06-01 00:00:00+00:00,ETHFIUSDT,440,42335653.6809,22.0
2025-06-01 00:00:00+00:00,TAOUSDT,416,36524519.559149995,23.0
2025-06-01 00:00:00+00:00,BONKUSDT,534,35889464.23177824,24.0
2025-06-01 00:00:00+00:00,PENGUUSDT,166,34685537.6487885,25.0
2025-07-01 00:00:00+00:00,BTCUSDT,2008,1448133832.0564198,1.0
2025-07-01 00:00:00+00:00,ETHUSDT,2008,1220592341.5978336,2.0
2025-07-01 00:00:00+00:00,SOLUSDT,1785,402918327.584285,3.0
2025-07-01 00:00:00+00:00,XRPUSDT,2008,232214388.39466,4.0
2025-07-01 00:00:00+00:00,PEPEUSDT,788,168484026.88002187,5.0
2025-07-01 00:00:00+00:00,SUIUSDT,790,130900243.516725,6.0
2025-07-01 00:00:00+00:00,DOGEUSDT,2008,119657066.41218999,7.0
2025-07-01 00:00:00+00:00,BNBUSDT,2008,88619251.283205,8.0
2025-07-01 00:00:00+00:00,TRXUSDT,2008,69075627.31199,9.0
2025-07-01 00:00:00+00:00,UNIUSDT,1748,67717578.188805,10.0
2025-07-01 00:00:00+00:00,ADAUSDT,2008,64491131.346135,11.0
2025-07-01 00:00:00+00:00,WIFUSDT,483,50162585.09026,12.0
2025-07-01 00:00:00+00:00,ENAUSDT,455,48086283.249486,13.0
2025-07-01 00:00:00+00:00,TRUMPUSDT,163,43123653.79797,14.0
2025-07-01 00:00:00+00:00,AAVEUSDT,1720,42243444.697825,15.0
2025-07-01 00:00:00+00:00,AVAXUSDT,1743,37251181.23655,16.0
2025-07-01 00:00:00+00:00,NEIROUSDT,288,33359985.20698771,17.0
2025-07-01 00:00:00+00:00,LINKUSDT,2008,32988065.2487,18.0
2025-07-01 00:00:00+00:00,TAOUSDT,446,32296585.90022,19.0
2025-07-01 00:00:00+00:00,WLDUSDT,708,32233178.4536,20.0
2025-07-01 00:00:00+00:00,PNUTUSDT,232,26542238.862595,21.0
2025-07-01 00:00:00+00:00,LTCUSDT,2008,26182617.892185,22.0
2025-07-01 00:00:00+00:00,ETHFIUSDT,470,25919245.05505,23.0
2025-07-01 00:00:00+00:00,ARBUSDT,831,24830105.820095,24.0
2025-07-01 00:00:00+00:00,BCHUSDT,2008,23676099.76105,25.0
2025-08-01 00:00:00+00:00,ETHUSDT,2039,2101719043.6281054,1.0
2025-08-01 00:00:00+00:00,BTCUSDT,2039,1810689480.9543161,2.0
2025-08-01 00:00:00+00:00,XRPUSDT,2039,707970771.193915,3.0
2025-08-01 00:00:00+00:00,SOLUSDT,1816,506855318.23397,4.0
2025-08-01 00:00:00+00:00,DOGEUSDT,2039,259956960.37876,5.0
2025-08-01 00:00:00+00:00,SUIUSDT,821,238964262.92053,6.0
2025-08-01 00:00:00+00:00,PEPEUSDT,819,218429054.1983657,7.0
2025-08-01 00:00:00+00:00,PENGUUSDT,227,179352458.459479,8.0
2025-08-01 00:00:00+00:00,BNBUSDT,2039,172102797.683325,9.0
2025-08-01 00:00:00+00:00,BONKUSDT,595,148511881.27550602,10.0
2025-08-01 00:00:00+00:00,TRXUSDT,2039,143151762.56049,11.0
2025-08-01 00:00:00+00:00,ADAUSDT,2039,129061453.41586,12.0
2025-08-01 00:00:00+00:00,ENAUSDT,486,94884256.27481401,13.0
2025-08-01 00:00:00+00:00,UNIUSDT,1779,91278216.783255,14.0
2025-08-01 00:00:00+00:00,HBARUSDT,2039,90817007.62715,15.0
2025-08-01 00:00:00+00:00,WIFUSDT,514,70916314.25555,16.0
2025-08-01 00:00:00+00:00,LINKUSDT,2039,64928435.856649995,17.0
2025-08-01 00:00:00+00:00,AVAXUSDT,1774,62437792.7845,18.0
2025-08-01 00:00:00+00:00,XLMUSDT,2039,58484992.2752,19.0
2025-08-01 00:00:00+00:00,LTCUSDT,2039,52844361.88271,20.0
2025-08-01 00:00:00+00:00,TRUMPUSDT,194,51862007.448965,21.0
2025-08-01 00:00:00+00:00,CRVUSDT,1812,51532307.798505,22.0
2025-08-01 00:00:00+00:00,AAVEUSDT,1751,48511735.90435,23.0
2025-08-01 00:00:00+00:00,SEIUSDT,717,47525889.540285006,24.0
2025-08-01 00:00:00+00:00,NEIROUSDT,319,46555539.689926416,25.0
2025-09-01 00:00:00+00:00,ETHUSDT,2070,2826687301.0955353,1.0
2025-09-01 00:00:00+00:00,BTCUSDT,2070,1529114612.5138793,2.0
2025-09-01 00:00:00+00:00,SOLUSDT,1847,695051016.215325,3.0
2025-09-01 00:00:00+00:00,XRPUSDT,2070,442477650.749825,4.0
2025-09-01 00:00:00+00:00,DOGEUSDT,2070,284806864.12882996,5.0
2025-09-01 00:00:00+00:00,LINKUSDT,2070,182642996.11290002,6.0
2025-09-01 00:00:00+00:00,SUIUSDT,852,167472740.269395,7.0
2025-09-01 00:00:00+00:00,BNBUSDT,2070,164065712.00656497,8.0
2025-09-01 00:00:00+00:00,TRXUSDT,2070,163902538.874405,9.0
2025-09-01 00:00:00+00:00,ENAUSDT,517,163627950.858834,10.0
2025-09-01 00:00:00+00:00,ADAUSDT,2070,142876220.63035,11.0
2025-09-01 00:00:00+00:00,PEPEUSDT,850,105796145.42944214,12.0
2025-09-01 00:00:00+00:00,PENGUUSDT,258,79616365.1202305,13.0
2025-09-01 00:00:00+00:00,LTCUSDT,2070,69328857.80864501,14.0
2025-09-01 00:00:00+00:00,ARBUSDT,893,68677933.468915,15.0
2025-09-01 00:00:00+00:00,AVAXUSDT,1805,67133716.4833,16.0
2025-09-01 00:00:00+00:00,UNIUSDT,1810,66023606.924365,17.0
2025-09-01 00:00:00+00:00,HBARUSDT,2070,48795379.790905,18.0
2025-09-01 00:00:00+00:00,AAVEUSDT,1782,46180618.704339996,19.0
2025-09-01 00:00:00+00:00,BONKUSDT,626,45602480.28729606,20.0
2025-09-01 00:00:00+00:00,BIOUSDT,241,45215117.049325004,21.0
2025-09-01 00:00:00+00:00,SEIUSDT,748,38888940.584775,22.0
2025-09-01 00:00:00+00:00,TRUMPUSDT,225,37176540.89243,23.0
2025-09-01 00:00:00+00:00,XLMUSDT,2070,34731460.1002,24.0
2025-09-01 00:00:00+00:00,WLDUSDT,770,34352831.58485,25.0
2025-10-01 00:00:00+00:00,ETHUSDT,2100,1688855679.049398,1.0
2025-10-01 00:00:00+00:00,BTCUSDT,2100,1389170214.3881426,2.0
2025-10-01 00:00:00+00:00,SOLUSDT,1877,871322063.112325,3.0
2025-10-01 00:00:00+00:00,XRPUSDT,2100,339195022.814645,4.0
2025-10-01 00:00:00+00:00,DOGEUSDT,2100,334253188.04469,5.0
2025-10-01 00:00:00+00:00,BNBUSDT,2100,236437110.9811756,6.0
2025-10-01 00:00:00+00:00,AVAXUSDT,1835,119530244.52895,7.0
2025-10-01 00:00:00+00:00,SUIUSDT,882,108506507.70730999,8.0
2025-10-01 00:00:00+00:00,TRXUSDT,2100,101232237.98811999,9.0
2025-10-01 00:00:00+00:00,ENAUSDT,547,99800684.488359,10.0
2025-10-01 00:00:00+00:00,ADAUSDT,2100,96145106.70421,11.0
2025-10-01 00:00:00+00:00,LINKUSDT,2100,86598674.26405,12.0
2025-10-01 00:00:00+00:00,PEPEUSDT,880,84325255.79686767,13.0
2025-10-01 00:00:00+00:00,WLDUSDT,800,65935627.20115,14.0
2025-10-01 00:00:00+00:00,PENGUUSDT,288,55825415.4016625,15.0
2025-10-01 00:00:00+00:00,LTCUSDT,2100,45436465.41999,16.0
2025-10-01 00:00:00+00:00,ARBUSDT,923,44330872.844595,17.0
2025-10-01 00:00:00+00:00,UNIUSDT,1840,35756788.99239,18.0
2025-10-01 00:00:00+00:00,BONKUSDT,656,32459123.51629913,19.0
2025-10-01 00:00:00+00:00,NEARUSDT,1813,31459230.338600002,20.0
2025-10-01 00:00:00+00:00,HBARUSDT,2100,31405127.091875,21.0
2025-10-01 00:00:00+00:00,AAVEUSDT,1812,30873835.830545,22.0
2025-10-01 00:00:00+00:00,DOTUSDT,1870,29075732.11614,23.0
2025-10-01 00:00:00+00:00,SEIUSDT,778,27884610.57811,24.0
2025-10-01 00:00:00+00:00,EIGENUSDT,365,27169345.59109,25.0
2025-11-01 00:00:00+00:00,BTCUSDT,2131,2520256192.9508686,1.0
2025-11-01 00:00:00+00:00,ETHUSDT,2131,2146152889.0986369,2.0
2025-11-01 00:00:00+00:00,SOLUSDT,1908,793948645.6761,3.0
2025-11-01 00:00:00+00:00,BNBUSDT,2131,585975416.82677,4.0
2025-11-01 00:00:00+00:00,XRPUSDT,2131,329680659.901705,5.0
2025-11-01 00:00:00+00:00,DOGEUSDT,2131,297298591.5792,6.0
2025-11-01 00:00:00+00:00,ZECUSDT,2131,177323933.30078,7.0
2025-11-01 00:00:00+00:00,SUIUSDT,913,132128542.69054,8.0
2025-11-01 00:00:00+00:00,ADAUSDT,2131,101353159.298575,9.0
2025-11-01 00:00:00+00:00,TRXUSDT,2131,98353653.83286,10.0
2025-11-01 00:00:00+00:00,ENAUSDT,578,86283033.9477775,11.0
2025-11-01 00:00:00+00:00,LINKUSDT,2131,84327207.86885,12.0
2025-11-01 00:00:00+00:00,PEPEUSDT,911,78138703.8950105,13.0
2025-11-01 00:00:00+00:00,AVAXUSDT,1866,77120258.46360001,14.0
2025-11-01 00:00:00+00:00,TAOUSDT,569,75745025.0616,15.0
2025-11-01 00:00:00+00:00,LTCUSDT,2131,62022937.952010006,16.0
2025-11-01 00:00:00+00:00,CAKEUSDT,1716,48616170.557465,17.0
2025-11-01 00:00:00+00:00,PENGUUSDT,319,45083058.9197125,18.0
2025-11-01 00:00:00+00:00,WLDUSDT,831,43417779.5559,19.0
2025-11-01 00:00:00+00:00,NEARUSDT,1844,37774182.0594,20.0
2025-11-01 00:00:00+00:00,HBARUSDT,2131,33068771.893260002,21.0
2025-11-01 00:00:00+00:00,AAVEUSDT,1843,29099534.111670002,22.0
2025-11-01 00:00:00+00:00,BONKUSDT,687,28925847.571258128,23.0
2025-11-01 00:00:00+00:00,FORMUSDT,227,28528257.747105002,24.0
2025-11-01 00:00:00+00:00,TRUMPUSDT,286,28347982.956974998,25.0
2025-12-01 00:00:00+00:00,BTCUSDT,2161,2205844605.868829,1.0
2025-12-01 00:00:00+00:00,ETHUSDT,2161,1904929305.4153056,2.0
2025-12-01 00:00:00+00:00,ZECUSDT,2161,668211700.13471,3.0
2025-12-01 00:00:00+00:00,SOLUSDT,1938,574921258.88234,4.0
2025-12-01 00:00:00+00:00,XRPUSDT,2161,339535721.59723,5.0
2025-12-01 00:00:00+00:00,BNBUSDT,2161,261405673.98453,6.0
2025-12-01 00:00:00+00:00,DOGEUSDT,2161,167913221.963505,7.0
2025-12-01 00:00:00+00:00,SUIUSDT,943,88400698.278135,8.0
2025-12-01 00:00:00+00:00,TRXUSDT,2161,84156640.625175,9.0
2025-12-01 00:00:00+00:00,ICPUSDT,1665,74360606.49302,10.0
2025-12-01 00:00:00+00:00,LINKUSDT,2161,65348882.5198,11.0
2025-12-01 00:00:00+00:00,LTCUSDT,2161,63414154.94721,12.0
2025-12-01 00:00:00+00:00,ADAUSDT,2161,62721677.908105,13.0
2025-12-01 00:00:00+00:00,ZENUSDT,1974,56159274.255435005,14.0
2025-12-01 00:00:00+00:00,DASHUSDT,2161,55948025.59803,15.0
2025-12-01 00:00:00+00:00,TAOUSDT,599,50410759.20699,16.0
2025-12-01 00:00:00+00:00,STRKUSDT,650,48953273.278955,17.0
2025-12-01 00:00:00+00:00,UNIUSDT,1901,48119576.978075,18.0
2025-12-01 00:00:00+00:00,NEARUSDT,1874,47714691.5334,19.0
2025-12-01 00:00:00+00:00,AVAXUSDT,1896,46591501.93025,20.0
2025-12-01 00:00:00+00:00,ENAUSDT,608,43821435.224804,21.0
2025-12-01 00:00:00+00:00,PEPEUSDT,941,42026178.037375785,22.0
2025-12-01 00:00:00+00:00,FILUSDT,1873,41820176.00721,23.0
2025-12-01 00:00:00+00:00,TRUMPUSDT,316,39057778.4127305,24.0
2025-12-01 00:00:00+00:00,HBARUSDT,2161,36049647.213235006,25.0
2026-01-01 00:00:00+00:00,BTCUSDT,2192,1479301722.229207,1.0
2026-01-01 00:00:00+00:00,ETHUSDT,2192,1165115877.356771,2.0
2026-01-01 00:00:00+00:00,SOLUSDT,1969,395711505.76946497,3.0
2026-01-01 00:00:00+00:00,ZECUSDT,2192,190271577.42111498,4.0
2026-01-01 00:00:00+00:00,XRPUSDT,2192,163696304.06438,5.0
2026-01-01 00:00:00+00:00,BNBUSDT,2192,113451181.13472,6.0
2026-01-01 00:00:00+00:00,DOGEUSDT,2192,82199211.978535,7.0
2026-01-01 00:00:00+00:00,SUIUSDT,974,65805511.86168,8.0
2026-01-01 00:00:00+00:00,TRXUSDT,2192,54057463.575509995,9.0
2026-01-01 00:00:00+00:00,ADAUSDT,2192,42196234.985424995,10.0
2026-01-01 00:00:00+00:00,LINKUSDT,2192,37184285.0616,11.0
2026-01-01 00:00:00+00:00,AVAXUSDT,1927,32655436.50935,12.0
2026-01-01 00:00:00+00:00,PEPEUSDT,972,32585332.29788828,13.0
2026-01-01 00:00:00+00:00,BCHUSDT,2192,28384482.5656,14.0
2026-01-01 00:00:00+00:00,ENAUSDT,639,26031055.043513,15.0
2026-01-01 00:00:00+00:00,LTCUSDT,2192,24139242.508084998,16.0
2026-01-01 00:00:00+00:00,UNIUSDT,1932,23671188.76028,17.0
2026-01-01 00:00:00+00:00,NEARUSDT,1905,23120225.81295,18.0
2026-01-01 00:00:00+00:00,XPLUSDT,98,23095581.348169997,19.0
2026-01-01 00:00:00+00:00,TAOUSDT,630,20146567.39891,20.0
2026-01-01 00:00:00+00:00,LUNAUSDT,1959,18811157.133984,21.0
2026-01-01 00:00:00+00:00,USDEUSDT,114,18548206.89975,22.0
2026-01-01 00:00:00+00:00,AAVEUSDT,1904,17988577.76891,23.0
2026-01-01 00:00:00+00:00,PUMPUSDT,112,16300506.834709,24.0
2026-01-01 00:00:00+00:00,PENGUUSDT,380,16125318.541760001,25.0
2026-02-01 00:00:00+00:00,BTCUSDT,2223,1371838758.1180477,1.0
2026-02-01 00:00:00+00:00,ETHUSDT,2223,1078991957.997737,2.0
2026-02-01 00:00:00+00:00,SOLUSDT,2000,366181456.66340005,3.0
2026-02-01 00:00:00+00:00,XRPUSDT,2223,231909093.217265,4.0
2026-02-01 00:00:00+00:00,DOGEUSDT,2223,114787269.98537499,5.0
2026-02-01 00:00:00+00:00,BNBUSDT,2223,113031358.52374,6.0
2026-02-01 00:00:00+00:00,ZECUSDT,2223,104413298.12200001,7.0
2026-02-01 00:00:00+00:00,SUIUSDT,1005,77131336.30000499,8.0
2026-02-01 00:00:00+00:00,TRXUSDT,2223,59305886.43535,9.0
2026-02-01 00:00:00+00:00,PEPEUSDT,1003,58658527.39994846,10.0
2026-02-01 00:00:00+00:00,ADAUSDT,2223,42682380.96053,11.0
2026-02-01 00:00:00+00:00,BCHUSDT,2223,34098400.5546,12.0
2026-02-01 00:00:00+00:00,AVAXUSDT,1958,31485401.21455,13.0
2026-02-01 00:00:00+00:00,ASTERUSDT,118,31476298.248135,14.0
2026-02-01 00:00:00+00:00,LINKUSDT,2223,30906248.2531,15.0
2026-02-01 00:00:00+00:00,LTCUSDT,2223,28787078.993105,16.0
2026-02-01 00:00:00+00:00,PUMPUSDT,143,27026058.184508502,17.0
2026-02-01 00:00:00+00:00,ENAUSDT,670,25944939.1803075,18.0
2026-02-01 00:00:00+00:00,DASHUSDT,2223,23959639.6368,19.0
2026-02-01 00:00:00+00:00,TAOUSDT,661,23542193.13538,20.0
2026-02-01 00:00:00+00:00,NEARUSDT,1936,23091132.887900002,21.0
2026-02-01 00:00:00+00:00,UNIUSDT,1963,21729404.531740002,22.0
2026-02-01 00:00:00+00:00,PENGUUSDT,411,20867600.460244,23.0
2026-02-01 00:00:00+00:00,HBARUSDT,2223,20080512.445534997,24.0
2026-02-01 00:00:00+00:00,VIRTUALUSDT,296,18007044.91965,25.0
2026-03-01 00:00:00+00:00,BTCUSDT,2251,1583628358.7355106,1.0
2026-03-01 00:00:00+00:00,ETHUSDT,2251,1023614335.9523234,2.0
2026-03-01 00:00:00+00:00,SOLUSDT,2028,311278569.870525,3.0
2026-03-01 00:00:00+00:00,XRPUSDT,2251,233172070.966485,4.0
2026-03-01 00:00:00+00:00,BNBUSDT,2251,98469338.154315,5.0
2026-03-01 00:00:00+00:00,DOGEUSDT,2251,85401059.17666501,6.0
2026-03-01 00:00:00+00:00,ZECUSDT,2251,66934162.264410004,7.0
2026-03-01 00:00:00+00:00,TRXUSDT,2251,49693315.54232,8.0
2026-03-01 00:00:00+00:00,SUIUSDT,1033,43381657.79355,9.0
2026-03-01 00:00:00+00:00,PEPEUSDT,1031,42422377.156328216,10.0
2026-03-01 00:00:00+00:00,ADAUSDT,2251,38328684.503594995,11.0
2026-03-01 00:00:00+00:00,AVAXUSDT,1986,29224619.072750002,12.0
2026-03-01 00:00:00+00:00,ASTERUSDT,146,28698752.16214,13.0
2026-03-01 00:00:00+00:00,LINKUSDT,2251,27378595.56425,14.0
2026-03-01 00:00:00+00:00,WLFIUSDT,181,21380649.913565002,15.0
2026-03-01 00:00:00+00:00,LTCUSDT,2251,20663477.386045,16.0
2026-03-01 00:00:00+00:00,NEARUSDT,1964,20190854.29855,17.0
2026-03-01 00:00:00+00:00,BCHUSDT,2251,19957653.90885,18.0
2026-03-01 00:00:00+00:00,TAOUSDT,689,19857507.021064997,19.0
2026-03-01 00:00:00+00:00,UNIUSDT,1991,19082300.370449997,20.0
2026-03-01 00:00:00+00:00,PUMPUSDT,171,17619546.238585,21.0
2026-03-01 00:00:00+00:00,KITEUSDT,118,16968617.620219998,22.0
2026-03-01 00:00:00+00:00,AAVEUSDT,1963,16374851.083565,23.0
2026-03-01 00:00:00+00:00,HBARUSDT,2251,14134711.79882,24.0
2026-03-01 00:00:00+00:00,ARBUSDT,1074,13677728.808139998,25.0
2026-04-01 00:00:00+00:00,BTCUSDT,2282,1553659587.1852593,1.0
2026-04-01 00:00:00+00:00,ETHUSDT,2282,809283440.5669091,2.0
2026-04-01 00:00:00+00:00,SOLUSDT,2059,269272037.958725,3.0
2026-04-01 00:00:00+00:00,XRPUSDT,2282,155535825.26863998,4.0
2026-04-01 00:00:00+00:00,DOGEUSDT,2282,77958174.361425,5.0
2026-04-01 00:00:00+00:00,BNBUSDT,2282,75664954.97023499,6.0
2026-04-01 00:00:00+00:00,TAOUSDT,720,49131883.498245,7.0
2026-04-01 00:00:00+00:00,ZECUSDT,2282,46479049.257395,8.0
2026-04-01 00:00:00+00:00,TRXUSDT,2282,36840637.520705,9.0
2026-04-01 00:00:00+00:00,ADAUSDT,2282,34478574.06628,10.0
2026-04-01 00:00:00+00:00,PEPEUSDT,1062,28197126.31655245,11.0
2026-04-01 00:00:00+00:00,SUIUSDT,1064,27545729.799275,12.0
2026-04-01 00:00:00+00:00,LINKUSDT,2282,27405309.66705,13.0
2026-04-01 00:00:00+00:00,NEARUSDT,1995,18866513.185850002,14.0
2026-04-01 00:00:00+00:00,AVAXUSDT,2017,18087825.2843,15.0
2026-04-01 00:00:00+00:00,LTCUSDT,2282,17497105.20891,16.0
2026-04-01 00:00:00+00:00,KITEUSDT,149,16754041.17579,17.0
2026-04-01 00:00:00+00:00,FETUSDT,2282,14883295.47465,18.0
2026-04-01 00:00:00+00:00,WLDUSDT,982,14802582.04755,19.0
2026-04-01 00:00:00+00:00,ENAUSDT,729,11632353.5460845,20.0
2026-04-01 00:00:00+00:00,ASTERUSDT,177,11606258.727529999,21.0
2026-04-01 00:00:00+00:00,PUMPUSDT,202,10821914.2133145,22.0
2026-04-01 00:00:00+00:00,BCHUSDT,2282,10430783.522599999,23.0
2026-04-01 00:00:00+00:00,AAVEUSDT,1994,9823288.79404,24.0
2026-04-01 00:00:00+00:00,TRUMPUSDT,437,9450965.32591,25.0
2026-05-01 00:00:00+00:00,BTCUSDT,2312,1253514593.0699277,1.0
2026-05-01 00:00:00+00:00,ETHUSDT,2312,616916822.2776074,2.0
2026-05-01 00:00:00+00:00,SOLUSDT,2089,217110675.75545,3.0
2026-05-01 00:00:00+00:00,XRPUSDT,2312,120194121.16648999,4.0
2026-05-01 00:00:00+00:00,DOGEUSDT,2312,76037292.49309,5.0
2026-05-01 00:00:00+00:00,ZECUSDT,2312,68154880.38566,6.0
2026-05-01 00:00:00+00:00,BNBUSDT,2312,63342123.68523,7.0
2026-05-01 00:00:00+00:00,PEPEUSDT,1092,35165929.375787325,8.0
2026-05-01 00:00:00+00:00,TRXUSDT,2312,33115713.55116,9.0
2026-05-01 00:00:00+00:00,币安人生USDT,114,33021495.6906,10.0
2026-05-01 00:00:00+00:00,ADAUSDT,2312,31276366.490515,11.0
2026-05-01 00:00:00+00:00,TAOUSDT,750,26941213.477394998,12.0
2026-05-01 00:00:00+00:00,SUIUSDT,1094,23360237.74169,13.0
2026-05-01 00:00:00+00:00,LINKUSDT,2312,22301985.60115,14.0
2026-05-01 00:00:00+00:00,AVAXUSDT,2047,21646076.9841,15.0
2026-05-01 00:00:00+00:00,UUSDT,108,18721741.68615,16.0
2026-05-01 00:00:00+00:00,AAVEUSDT,2024,15479823.128504999,17.0
2026-05-01 00:00:00+00:00,LTCUSDT,2312,13547183.242035,18.0
2026-05-01 00:00:00+00:00,NEARUSDT,2025,13532802.966,19.0
2026-05-01 00:00:00+00:00,ENAUSDT,759,12821473.300464,20.0
2026-05-01 00:00:00+00:00,FETUSDT,2312,11156244.56113,21.0
2026-05-01 00:00:00+00:00,PENGUUSDT,500,10596437.043585,22.0
2026-05-01 00:00:00+00:00,STOUSDT,364,9546384.36315,23.0
2026-05-01 00:00:00+00:00,GIGGLEUSDT,188,9195449.828545,24.0
2026-05-01 00:00:00+00:00,WLDUSDT,1012,9161841.957394999,25.0
2026-06-01 00:00:00+00:00,BTCUSDT,2343,1026686919.1582162,1.0
2026-06-01 00:00:00+00:00,ETHUSDT,2343,562058975.0509025,2.0
2026-06-01 00:00:00+00:00,SOLUSDT,2120,200923459.79399002,3.0
2026-06-01 00:00:00+00:00,ZECUSDT,2343,129727624.92634499,4.0
2026-06-01 00:00:00+00:00,XRPUSDT,2343,112606155.19962999,5.0
2026-06-01 00:00:00+00:00,BNBUSDT,2343,80817663.76966,6.0
2026-06-01 00:00:00+00:00,DOGEUSDT,2343,72851547.83196,7.0
2026-06-01 00:00:00+00:00,SUIUSDT,1125,55800094.795880005,8.0
2026-06-01 00:00:00+00:00,NEARUSDT,2056,39778744.92345,9.0
2026-06-01 00:00:00+00:00,TRXUSDT,2343,39285917.677345,10.0
2026-06-01 00:00:00+00:00,ADAUSDT,2343,26539377.6828,11.0
2026-06-01 00:00:00+00:00,TAOUSDT,781,26353180.147540003,12.0
2026-06-01 00:00:00+00:00,LINKUSDT,2343,25825913.0784,13.0
2026-06-01 00:00:00+00:00,ONDOUSDT,416,24761002.006175,14.0
2026-06-01 00:00:00+00:00,PEPEUSDT,1123,23423280.692820773,15.0
2026-06-01 00:00:00+00:00,UUSDT,139,17650189.365000002,16.0
2026-06-01 00:00:00+00:00,AVAXUSDT,2078,17064384.11207,17.0
2026-06-01 00:00:00+00:00,LTCUSDT,2343,16275862.69027,18.0
2026-06-01 00:00:00+00:00,UNIUSDT,2083,14845860.863965001,19.0
2026-06-01 00:00:00+00:00,WLDUSDT,1043,14108400.99193,20.0
2026-06-01 00:00:00+00:00,PENGUUSDT,531,13723200.7116025,21.0
2026-06-01 00:00:00+00:00,FETUSDT,2343,13430245.122444998,22.0
2026-06-01 00:00:00+00:00,LUNCUSDT,1361,13183973.432970904,23.0
2026-06-01 00:00:00+00:00,DASHUSDT,2343,12663166.29485,24.0
2026-06-01 00:00:00+00:00,ENAUSDT,790,12358936.6659965,25.0
2026-07-01 00:00:00+00:00,BTCUSDT,2373,1206487098.1061244,1.0
2026-07-01 00:00:00+00:00,ETHUSDT,2373,557910903.9680905,2.0
2026-07-01 00:00:00+00:00,SOLUSDT,2150,189649226.327375,3.0
2026-07-01 00:00:00+00:00,ZECUSDT,2373,126030004.32209,4.0
2026-07-01 00:00:00+00:00,XRPUSDT,2373,120746634.54095,5.0
2026-07-01 00:00:00+00:00,WLDUSDT,1073,107153857.517005,6.0
2026-07-01 00:00:00+00:00,BNBUSDT,2373,77320345.03312,7.0
2026-07-01 00:00:00+00:00,DOGEUSDT,2373,49792039.115425,8.0
2026-07-01 00:00:00+00:00,NEARUSDT,2086,49774709.2482,9.0
2026-07-01 00:00:00+00:00,TRXUSDT,2373,37712067.73378,10.0
2026-07-01 00:00:00+00:00,TAOUSDT,811,31290911.412754998,11.0
2026-07-01 00:00:00+00:00,SUIUSDT,1155,29793590.684809998,12.0
2026-07-01 00:00:00+00:00,XLMUSDT,2373,29369142.821500003,13.0
2026-07-01 00:00:00+00:00,ADAUSDT,2373,27956956.53532,14.0
2026-07-01 00:00:00+00:00,ENAUSDT,820,27222421.5027335,15.0
2026-07-01 00:00:00+00:00,AVAXUSDT,2108,19457615.780535,16.0
2026-07-01 00:00:00+00:00,PEPEUSDT,1153,19252625.490316287,17.0
2026-07-01 00:00:00+00:00,UUSDT,169,17244659.22905,18.0
2026-07-01 00:00:00+00:00,XPLUSDT,279,17128532.059245,19.0
2026-07-01 00:00:00+00:00,LINKUSDT,2373,16334743.98262,20.0
2026-07-01 00:00:00+00:00,LTCUSDT,2373,14013391.287015,21.0
2026-07-01 00:00:00+00:00,AAVEUSDT,2085,13507889.83223,22.0
2026-07-01 00:00:00+00:00,FETUSDT,2373,12570383.058525,23.0
2026-07-01 00:00:00+00:00,ONDOUSDT,446,11168820.77031,24.0
2026-07-01 00:00:00+00:00,ALLOUSDT,232,10994600.55518,25.0
